target_schema,target_table,binding,target_column,target_type,rule,source_table,source_columns,classification,mask,notes
business_vault,csat_invoice_line_gie,BUSINESS_VAULT_GIE,invoice_line_hk,BINARY(32),"SHA-256 over ('FIELDGLASS_US', buyer_tenant, invoice_id, buyer_tenant, supplier_code, worker_id, 'Fieldglass_Buyer_Code', buyer_tenant, line_reference) as BINARY(32); rulebook 1.0.0",02_usnc_silver_edm_dev.raw_vault.nhl_invoice_line,line_reference,internal,,"foreign key to nhl_invoice_line, hashed exactly as nhl_invoice_line's own loader hashes it; source-scoped, so BUSINESS_VAULT_GIE's keys never collide with another system's identical value; nhl_invoice_line does NOT provide ['buyer_tenant', 'invoice_id', 'supplier_code', 'worker_id'], so this value cannot be built from this source as declared -- the rule above still lists every hashed component, and source columns lists only what is really there"
business_vault,csat_invoice_line_gie,BUSINESS_VAULT_GIE,hashdiff,BINARY(32),SHA-256 over the payload (11 column(s)) as BINARY(32); rulebook 1.0.0,,,internal,,"change detection: a new version is written only when this differs; nhl_invoice_line does NOT provide ['accounting_date', 'amount', 'description', 'expenditure_organization', 'expenditure_type', 'invoice_amount', 'line_description', 'line_type', 'project_number', 'rule_version', 'task_number'], so this value cannot be built from this source as declared -- the rule above still lists every hashed component, and source columns lists only what is really there"
business_vault,csat_invoice_line_gie,BUSINESS_VAULT_GIE,description,source-derived,"NOT SOURCED: nhl_invoice_line has no column 'description', and this binding declares no derivation for it",,,internal,,"this column is NOT copied from the source. WHY is not in the model: the reason -- inputs that are absent from nhl_invoice_line, a rule that is undefined and still open with the repo owner, or a value the loader is meant to supply -- is recorded only in prose (the entity YAML, metadata/source_unions.yml, and tests/test_accelerator.py's _GIE_OPEN), so this document does not guess between them"
business_vault,csat_invoice_line_gie,BUSINESS_VAULT_GIE,line_description,source-derived,"NOT SOURCED: nhl_invoice_line has no column 'line_description', and this binding declares no derivation for it",,,internal,,"this column is NOT copied from the source. WHY is not in the model: the reason -- inputs that are absent from nhl_invoice_line, a rule that is undefined and still open with the repo owner, or a value the loader is meant to supply -- is recorded only in prose (the entity YAML, metadata/source_unions.yml, and tests/test_accelerator.py's _GIE_OPEN), so this document does not guess between them"
business_vault,csat_invoice_line_gie,BUSINESS_VAULT_GIE,line_type,source-derived,"DERIVED at staging: CASE WHEN UPPER(REGEXP_REPLACE(COALESCE(invoice_line_item_type, ''), '^\\s+|\\s+$', '')) = 'TAX' THEN 'TAX' ELSE 'ITEM' END",02_usnc_silver_edm_dev.raw_vault.nhl_invoice_line,invoice_line_item_type,internal,,"computed, not copied: the expression is the 'fieldglass_us_invoice_gie' conform profile's, from metadata/source_unions.yml, applied by factory._stage_full"
business_vault,csat_invoice_line_gie,BUSINESS_VAULT_GIE,amount,"DECIMAL(18,2)","NOT SOURCED: declared CAST to DECIMAL(18,2), but nhl_invoice_line has no column 'amount', and this binding declares no derivation for it",,,financial,governance.mask_money,"this column is NOT copied from the source. WHY is not in the model: the reason -- inputs that are absent from nhl_invoice_line, a rule that is undefined and still open with the repo owner, or a value the loader is meant to supply -- is recorded only in prose (the entity YAML, metadata/source_unions.yml, and tests/test_accelerator.py's _GIE_OPEN), so this document does not guess between them"
business_vault,csat_invoice_line_gie,BUSINESS_VAULT_GIE,invoice_amount,"DECIMAL(18,2)","NOT SOURCED: declared CAST to DECIMAL(18,2), but nhl_invoice_line has no column 'invoice_amount', and this binding declares no derivation for it",,,financial,governance.mask_money,"this column is NOT copied from the source. WHY is not in the model: the reason -- inputs that are absent from nhl_invoice_line, a rule that is undefined and still open with the repo owner, or a value the loader is meant to supply -- is recorded only in prose (the entity YAML, metadata/source_unions.yml, and tests/test_accelerator.py's _GIE_OPEN), so this document does not guess between them"
business_vault,csat_invoice_line_gie,BUSINESS_VAULT_GIE,accounting_date,source-derived,"NOT SOURCED: nhl_invoice_line has no column 'accounting_date', and this binding declares no derivation for it",,,internal,,"this column is NOT copied from the source. WHY is not in the model: the reason -- inputs that are absent from nhl_invoice_line, a rule that is undefined and still open with the repo owner, or a value the loader is meant to supply -- is recorded only in prose (the entity YAML, metadata/source_unions.yml, and tests/test_accelerator.py's _GIE_OPEN), so this document does not guess between them"
business_vault,csat_invoice_line_gie,BUSINESS_VAULT_GIE,project_number,source-derived,"NOT SOURCED: nhl_invoice_line has no column 'project_number', and this binding declares no derivation for it",,,internal,,"this column is NOT copied from the source. WHY is not in the model: the reason -- inputs that are absent from nhl_invoice_line, a rule that is undefined and still open with the repo owner, or a value the loader is meant to supply -- is recorded only in prose (the entity YAML, metadata/source_unions.yml, and tests/test_accelerator.py's _GIE_OPEN), so this document does not guess between them"
business_vault,csat_invoice_line_gie,BUSINESS_VAULT_GIE,task_number,source-derived,"DERIVED at staging: CASE WHEN REGEXP_REPLACE(COALESCE(CASE UPPER(REGEXP_REPLACE(COALESCE(invoice_line_item_type, ''), '^\\s+|\\s+$', '')) WHEN 'TS' THEN task_code_ts WHEN 'ES' THEN task_code_es WHEN 'MI' THEN task_code_mi ELSE NULL END, ''), '^\\s+|\\s+$', '') = '' THEN NULL ELSE REGEXP_REPLACE(REGEXP_REPLACE(REGEXP_REPLACE(REGEXP_REPLACE(COALESCE(CASE UPPER(REGEXP_REPLACE(COALESCE(invoice_line_item_type, ''), '^\\s+|\\s+$', '')) WHEN 'TS' THEN task_code_ts WHEN 'ES' THEN task_code_es WHEN 'MI' THEN task_code_mi ELSE NULL END, ''), '^\\s+|\\s+$', ''), '^[^|]*[|]', ''), '[)]+$', ''), '^\\s+|\\s+$', '') END",02_usnc_silver_edm_dev.raw_vault.nhl_invoice_line,"invoice_line_item_type, task_code_es, task_code_mi, task_code_ts",internal,,"computed, not copied: the expression is the 'fieldglass_us_invoice_gie' conform profile's, from metadata/source_unions.yml, applied by factory._stage_full"
business_vault,csat_invoice_line_gie,BUSINESS_VAULT_GIE,expenditure_type,source-derived,"DERIVED at staging: CASE UPPER(REGEXP_REPLACE(COALESCE(invoice_line_item_type, ''), '^\\s+|\\s+$', '')) WHEN 'TS' THEN expenditure_type_ts WHEN 'ES' THEN expenditure_type_es WHEN 'MI' THEN expenditure_type_mi ELSE NULL END",02_usnc_silver_edm_dev.raw_vault.nhl_invoice_line,"expenditure_type_es, expenditure_type_mi, expenditure_type_ts, invoice_line_item_type",internal,,"computed, not copied: the expression is the 'fieldglass_us_invoice_gie' conform profile's, from metadata/source_unions.yml, applied by factory._stage_full"
business_vault,csat_invoice_line_gie,BUSINESS_VAULT_GIE,expenditure_organization,source-derived,"DERIVED at staging: CASE UPPER(REGEXP_REPLACE(COALESCE(invoice_line_item_type, ''), '^\\s+|\\s+$', '')) WHEN 'TS' THEN expenditure_organization_ts WHEN 'ES' THEN expenditure_organization_es WHEN 'MI' THEN expenditure_organization_mi ELSE NULL END",02_usnc_silver_edm_dev.raw_vault.nhl_invoice_line,"expenditure_organization_es, expenditure_organization_mi, expenditure_organization_ts, invoice_line_item_type",internal,,"computed, not copied: the expression is the 'fieldglass_us_invoice_gie' conform profile's, from metadata/source_unions.yml, applied by factory._stage_full"
business_vault,csat_invoice_line_gie,BUSINESS_VAULT_GIE,rule_version,source-derived,DERIVED at staging: '1.0.0',,,internal,,"computed, not copied: the expression is the 'fieldglass_us_invoice_gie' conform profile's, from metadata/source_unions.yml, applied by factory._stage_full. It reads NO source column -- it is a literal"
business_vault,csat_invoice_line_gie,BUSINESS_VAULT_GIE,load_dts,TIMESTAMP,generated at load time,,,internal,,no bronze origin: written by the loader
business_vault,csat_invoice_line_gie,BUSINESS_VAULT_GIE,applied_dts,TIMESTAMP,generated at load time,,,internal,,no bronze origin: written by the loader
business_vault,csat_invoice_line_gie,BUSINESS_VAULT_GIE,sub_seq,INT,generated at load time,,,internal,,no bronze origin: written by the loader
business_vault,csat_invoice_line_gie,BUSINESS_VAULT_GIE,rec_src,STRING,generated at load time,,,internal,,no bronze origin: written by the loader
business_vault,csat_invoice_line_gie,BUSINESS_VAULT_GIE,batch_id,STRING,generated at load time,,,internal,,no bronze origin: written by the loader
business_vault,csat_invoice_line_gie,BUSINESS_VAULT_GIE,manifest_id,STRING,generated at load time,,,internal,,no bronze origin: written by the loader
business_vault,csat_invoice_line_gie,BUSINESS_VAULT_GIE,cdc_op,STRING,generated at load time,,,internal,,no bronze origin: written by the loader
business_vault,csat_job_request_custom_promoted,BUSINESS_VAULT,job_request_hk,BINARY(32),"SHA-256 over ('FIELDGLASS_US', buyer, job_posting_id) as BINARY(32); rulebook 1.0.0",,,internal,,"foreign key to hub_job_request, hashed exactly as hub_job_request's own loader hashes it; source-scoped, so BUSINESS_VAULT's keys never collide with another system's identical value; msat_job_request_custom_field_fieldglass_us does NOT provide ['buyer', 'job_posting_id'], so this value cannot be built from this source as declared -- the rule above still lists every hashed component, and source columns lists only what is really there"
business_vault,csat_job_request_custom_promoted,BUSINESS_VAULT,hashdiff,BINARY(32),SHA-256 over the payload (8 column(s)) as BINARY(32); rulebook 1.0.0,02_usnc_silver_edm_dev.raw_vault.msat_job_request_custom_field_fieldglass_us,client_code,internal,,"change detection: a new version is written only when this differs; msat_job_request_custom_field_fieldglass_us does NOT provide ['approver_email_domain', 'cost_centre_code', 'project_reference', 'promoted_field_count', 'purchase_order_reference', 'registry_version', 'rule_version'], so this value cannot be built from this source as declared -- the rule above still lists every hashed component, and source columns lists only what is really there"
business_vault,csat_job_request_custom_promoted,BUSINESS_VAULT,client_code,source-derived,"direct, same name",02_usnc_silver_edm_dev.raw_vault.msat_job_request_custom_field_fieldglass_us,client_code,internal,,the generator renames nothing
business_vault,csat_job_request_custom_promoted,BUSINESS_VAULT,cost_centre_code,source-derived,"NOT SOURCED: msat_job_request_custom_field_fieldglass_us has no column 'cost_centre_code', and this binding declares no derivation for it",,,internal,,"this column is NOT copied from the source. WHY is not in the model: the reason -- inputs that are absent from msat_job_request_custom_field_fieldglass_us, a rule that is undefined and still open with the repo owner, or a value the loader is meant to supply -- is recorded only in prose (the entity YAML, metadata/source_unions.yml, and tests/test_accelerator.py's _GIE_OPEN), so this document does not guess between them"
business_vault,csat_job_request_custom_promoted,BUSINESS_VAULT,project_reference,source-derived,"NOT SOURCED: msat_job_request_custom_field_fieldglass_us has no column 'project_reference', and this binding declares no derivation for it",,,internal,,"this column is NOT copied from the source. WHY is not in the model: the reason -- inputs that are absent from msat_job_request_custom_field_fieldglass_us, a rule that is undefined and still open with the repo owner, or a value the loader is meant to supply -- is recorded only in prose (the entity YAML, metadata/source_unions.yml, and tests/test_accelerator.py's _GIE_OPEN), so this document does not guess between them"
business_vault,csat_job_request_custom_promoted,BUSINESS_VAULT,purchase_order_reference,source-derived,"NOT SOURCED: msat_job_request_custom_field_fieldglass_us has no column 'purchase_order_reference', and this binding declares no derivation for it",,,internal,,"this column is NOT copied from the source. WHY is not in the model: the reason -- inputs that are absent from msat_job_request_custom_field_fieldglass_us, a rule that is undefined and still open with the repo owner, or a value the loader is meant to supply -- is recorded only in prose (the entity YAML, metadata/source_unions.yml, and tests/test_accelerator.py's _GIE_OPEN), so this document does not guess between them"
business_vault,csat_job_request_custom_promoted,BUSINESS_VAULT,approver_email_domain,source-derived,"NOT SOURCED: msat_job_request_custom_field_fieldglass_us has no column 'approver_email_domain', and this binding declares no derivation for it",,,internal,,"this column is NOT copied from the source. WHY is not in the model: the reason -- inputs that are absent from msat_job_request_custom_field_fieldglass_us, a rule that is undefined and still open with the repo owner, or a value the loader is meant to supply -- is recorded only in prose (the entity YAML, metadata/source_unions.yml, and tests/test_accelerator.py's _GIE_OPEN), so this document does not guess between them"
business_vault,csat_job_request_custom_promoted,BUSINESS_VAULT,promoted_field_count,source-derived,"NOT SOURCED: msat_job_request_custom_field_fieldglass_us has no column 'promoted_field_count', and this binding declares no derivation for it",,,internal,,"this column is NOT copied from the source. WHY is not in the model: the reason -- inputs that are absent from msat_job_request_custom_field_fieldglass_us, a rule that is undefined and still open with the repo owner, or a value the loader is meant to supply -- is recorded only in prose (the entity YAML, metadata/source_unions.yml, and tests/test_accelerator.py's _GIE_OPEN), so this document does not guess between them"
business_vault,csat_job_request_custom_promoted,BUSINESS_VAULT,registry_version,source-derived,"NOT SOURCED: msat_job_request_custom_field_fieldglass_us has no column 'registry_version', and this binding declares no derivation for it",,,internal,,"this column is NOT copied from the source. WHY is not in the model: the reason -- inputs that are absent from msat_job_request_custom_field_fieldglass_us, a rule that is undefined and still open with the repo owner, or a value the loader is meant to supply -- is recorded only in prose (the entity YAML, metadata/source_unions.yml, and tests/test_accelerator.py's _GIE_OPEN), so this document does not guess between them"
business_vault,csat_job_request_custom_promoted,BUSINESS_VAULT,rule_version,source-derived,"NOT SOURCED: msat_job_request_custom_field_fieldglass_us has no column 'rule_version', and this binding declares no derivation for it",,,internal,,"this column is NOT copied from the source. WHY is not in the model: the reason -- inputs that are absent from msat_job_request_custom_field_fieldglass_us, a rule that is undefined and still open with the repo owner, or a value the loader is meant to supply -- is recorded only in prose (the entity YAML, metadata/source_unions.yml, and tests/test_accelerator.py's _GIE_OPEN), so this document does not guess between them"
business_vault,csat_job_request_custom_promoted,BUSINESS_VAULT,load_dts,TIMESTAMP,generated at load time,,,internal,,no bronze origin: written by the loader
business_vault,csat_job_request_custom_promoted,BUSINESS_VAULT,applied_dts,TIMESTAMP,generated at load time,,,internal,,no bronze origin: written by the loader
business_vault,csat_job_request_custom_promoted,BUSINESS_VAULT,sub_seq,INT,generated at load time,,,internal,,no bronze origin: written by the loader
business_vault,csat_job_request_custom_promoted,BUSINESS_VAULT,rec_src,STRING,generated at load time,,,internal,,no bronze origin: written by the loader
business_vault,csat_job_request_custom_promoted,BUSINESS_VAULT,batch_id,STRING,generated at load time,,,internal,,no bronze origin: written by the loader
business_vault,csat_job_request_custom_promoted,BUSINESS_VAULT,manifest_id,STRING,generated at load time,,,internal,,no bronze origin: written by the loader
business_vault,csat_job_request_custom_promoted,BUSINESS_VAULT,cdc_op,STRING,generated at load time,,,internal,,no bronze origin: written by the loader
business_vault,csat_payroll_line_classification,BUSINESS_VAULT,payroll_detail_hk,BINARY(32),"SHA-256 over ('UKG_US', worker_reference_id, 'Organization_Reference_ID', company_reference_id, pay_period_start_date, pay_period_end_date, payroll_register_reference, line_sequence) as BINARY(32); rulebook 1.0.0",02_usnc_silver_edm_dev.raw_vault.nhl_payroll_detail,"payroll_register_reference, line_sequence",internal,,"foreign key to nhl_payroll_detail, hashed exactly as nhl_payroll_detail's own loader hashes it; source-scoped, so BUSINESS_VAULT's keys never collide with another system's identical value; nhl_payroll_detail does NOT provide ['company_reference_id', 'pay_period_end_date', 'pay_period_start_date', 'worker_reference_id'], so this value cannot be built from this source as declared -- the rule above still lists every hashed component, and source columns lists only what is really there"
business_vault,csat_payroll_line_classification,BUSINESS_VAULT,hashdiff,BINARY(32),SHA-256 over the payload (7 column(s)) as BINARY(32); rulebook 1.0.0,,,internal,,"change detection: a new version is written only when this differs; nhl_payroll_detail does NOT provide ['code_class', 'code_type', 'employer_cost_amount', 'liability_party', 'mapped_ledger_account', 'rule_version', 'worker_withholding_amount'], so this value cannot be built from this source as declared -- the rule above still lists every hashed component, and source columns lists only what is really there"
business_vault,csat_payroll_line_classification,BUSINESS_VAULT,code_type,source-derived,"NOT SOURCED: nhl_payroll_detail has no column 'code_type', and this binding declares no derivation for it",,,internal,,"this column is NOT copied from the source. WHY is not in the model: the reason -- inputs that are absent from nhl_payroll_detail, a rule that is undefined and still open with the repo owner, or a value the loader is meant to supply -- is recorded only in prose (the entity YAML, metadata/source_unions.yml, and tests/test_accelerator.py's _GIE_OPEN), so this document does not guess between them"
business_vault,csat_payroll_line_classification,BUSINESS_VAULT,code_class,source-derived,"NOT SOURCED: nhl_payroll_detail has no column 'code_class', and this binding declares no derivation for it",,,internal,,"this column is NOT copied from the source. WHY is not in the model: the reason -- inputs that are absent from nhl_payroll_detail, a rule that is undefined and still open with the repo owner, or a value the loader is meant to supply -- is recorded only in prose (the entity YAML, metadata/source_unions.yml, and tests/test_accelerator.py's _GIE_OPEN), so this document does not guess between them"
business_vault,csat_payroll_line_classification,BUSINESS_VAULT,liability_party,source-derived,"NOT SOURCED: nhl_payroll_detail has no column 'liability_party', and this binding declares no derivation for it",,,internal,,"this column is NOT copied from the source. WHY is not in the model: the reason -- inputs that are absent from nhl_payroll_detail, a rule that is undefined and still open with the repo owner, or a value the loader is meant to supply -- is recorded only in prose (the entity YAML, metadata/source_unions.yml, and tests/test_accelerator.py's _GIE_OPEN), so this document does not guess between them"
business_vault,csat_payroll_line_classification,BUSINESS_VAULT,employer_cost_amount,source-derived,"NOT SOURCED: nhl_payroll_detail has no column 'employer_cost_amount', and this binding declares no derivation for it",,,financial,governance.mask_money,"this column is NOT copied from the source. WHY is not in the model: the reason -- inputs that are absent from nhl_payroll_detail, a rule that is undefined and still open with the repo owner, or a value the loader is meant to supply -- is recorded only in prose (the entity YAML, metadata/source_unions.yml, and tests/test_accelerator.py's _GIE_OPEN), so this document does not guess between them"
business_vault,csat_payroll_line_classification,BUSINESS_VAULT,worker_withholding_amount,source-derived,"NOT SOURCED: nhl_payroll_detail has no column 'worker_withholding_amount', and this binding declares no derivation for it",,,financial,governance.mask_money,"this column is NOT copied from the source. WHY is not in the model: the reason -- inputs that are absent from nhl_payroll_detail, a rule that is undefined and still open with the repo owner, or a value the loader is meant to supply -- is recorded only in prose (the entity YAML, metadata/source_unions.yml, and tests/test_accelerator.py's _GIE_OPEN), so this document does not guess between them"
business_vault,csat_payroll_line_classification,BUSINESS_VAULT,mapped_ledger_account,source-derived,"NOT SOURCED: nhl_payroll_detail has no column 'mapped_ledger_account', and this binding declares no derivation for it",,,internal,,"this column is NOT copied from the source. WHY is not in the model: the reason -- inputs that are absent from nhl_payroll_detail, a rule that is undefined and still open with the repo owner, or a value the loader is meant to supply -- is recorded only in prose (the entity YAML, metadata/source_unions.yml, and tests/test_accelerator.py's _GIE_OPEN), so this document does not guess between them"
business_vault,csat_payroll_line_classification,BUSINESS_VAULT,rule_version,source-derived,"NOT SOURCED: nhl_payroll_detail has no column 'rule_version', and this binding declares no derivation for it",,,internal,,"this column is NOT copied from the source. WHY is not in the model: the reason -- inputs that are absent from nhl_payroll_detail, a rule that is undefined and still open with the repo owner, or a value the loader is meant to supply -- is recorded only in prose (the entity YAML, metadata/source_unions.yml, and tests/test_accelerator.py's _GIE_OPEN), so this document does not guess between them"
business_vault,csat_payroll_line_classification,BUSINESS_VAULT,load_dts,TIMESTAMP,generated at load time,,,internal,,no bronze origin: written by the loader
business_vault,csat_payroll_line_classification,BUSINESS_VAULT,applied_dts,TIMESTAMP,generated at load time,,,internal,,no bronze origin: written by the loader
business_vault,csat_payroll_line_classification,BUSINESS_VAULT,sub_seq,INT,generated at load time,,,internal,,no bronze origin: written by the loader
business_vault,csat_payroll_line_classification,BUSINESS_VAULT,rec_src,STRING,generated at load time,,,internal,,no bronze origin: written by the loader
business_vault,csat_payroll_line_classification,BUSINESS_VAULT,batch_id,STRING,generated at load time,,,internal,,no bronze origin: written by the loader
business_vault,csat_payroll_line_classification,BUSINESS_VAULT,manifest_id,STRING,generated at load time,,,internal,,no bronze origin: written by the loader
business_vault,csat_payroll_line_classification,BUSINESS_VAULT,cdc_op,STRING,generated at load time,,,internal,,no bronze origin: written by the loader
raw_vault,esat_client_contracting_entity_effectivity_client_portal,CLIENT_PORTAL,client_contracting_entity_hk,BINARY(32),"SHA-256 over (client_legal_entity_code, contracting_legal_entity_code) as BINARY(32); rulebook 1.0.0",PLACEHOLDER.reference.client_contracting_entity,"client_legal_entity_code, contracting_legal_entity_code",internal,,"foreign key to link_client_contracting_entity, hashed exactly as link_client_contracting_entity's own loader hashes it"
raw_vault,esat_client_contracting_entity_effectivity_client_portal,CLIENT_PORTAL,hashdiff,BINARY(32),SHA-256 over the payload (1 column(s)) as BINARY(32); rulebook 1.0.0,PLACEHOLDER.reference.client_contracting_entity,relationship_status,internal,,change detection: a new version is written only when this differs
raw_vault,esat_client_contracting_entity_effectivity_client_portal,CLIENT_PORTAL,relationship_status,source-derived,"direct, same name",PLACEHOLDER.reference.client_contracting_entity,relationship_status,internal,,the generator renames nothing
raw_vault,esat_client_contracting_entity_effectivity_client_portal,CLIENT_PORTAL,load_dts,TIMESTAMP,generated at load time,,,internal,,no bronze origin: written by the loader
raw_vault,esat_client_contracting_entity_effectivity_client_portal,CLIENT_PORTAL,applied_dts,TIMESTAMP,direct from the source's own clock/marker column,PLACEHOLDER.reference.client_contracting_entity,effective_from,internal,,"a business column, not a load timestamp"
raw_vault,esat_client_contracting_entity_effectivity_client_portal,CLIENT_PORTAL,sub_seq,INT,generated at load time,,,internal,,no bronze origin: written by the loader
raw_vault,esat_client_contracting_entity_effectivity_client_portal,CLIENT_PORTAL,rec_src,STRING,generated at load time,,,internal,,no bronze origin: written by the loader
raw_vault,esat_client_contracting_entity_effectivity_client_portal,CLIENT_PORTAL,batch_id,STRING,generated at load time,,,internal,,no bronze origin: written by the loader
raw_vault,esat_client_contracting_entity_effectivity_client_portal,CLIENT_PORTAL,manifest_id,STRING,generated at load time,,,internal,,no bronze origin: written by the loader
raw_vault,esat_client_contracting_entity_effectivity_client_portal,CLIENT_PORTAL,cdc_op,STRING,generated at load time,,,internal,,no bronze origin: written by the loader
raw_vault,esat_client_legal_entity_hierarchy_effectivity_hubspot,HUBSPOT,client_legal_entity_hierarchy_hk,BINARY(32),"SHA-256 over ('HUBSPOT', parent_legal_entity_code, child_legal_entity_code) as BINARY(32); rulebook 1.0.0",01_usnc_bronze_dev.hubspot_raw.companies,"parent_legal_entity_code, child_legal_entity_code",internal,,"foreign key to hal_client_legal_entity_hierarchy, hashed exactly as hal_client_legal_entity_hierarchy's own loader hashes it; source-scoped, so HUBSPOT's keys never collide with another system's identical value"
raw_vault,esat_client_legal_entity_hierarchy_effectivity_hubspot,HUBSPOT,hashdiff,BINARY(32),SHA-256 over the payload (1 column(s)) as BINARY(32); rulebook 1.0.0,01_usnc_bronze_dev.hubspot_raw.companies,relationship_status,internal,,change detection: a new version is written only when this differs
raw_vault,esat_client_legal_entity_hierarchy_effectivity_hubspot,HUBSPOT,relationship_status,source-derived,DERIVED at staging: CAST('ASSERTED' AS STRING),,,internal,,"computed, not copied: the expression is the 'hubspot_client_legal_entity_parent' conform profile's, from metadata/source_unions.yml, applied by factory._stage_full. It reads NO source column -- it is a literal"
raw_vault,esat_client_legal_entity_hierarchy_effectivity_hubspot,HUBSPOT,load_dts,TIMESTAMP,generated at load time,,,internal,,no bronze origin: written by the loader
raw_vault,esat_client_legal_entity_hierarchy_effectivity_hubspot,HUBSPOT,applied_dts,TIMESTAMP,direct from the source's own clock/marker column,01_usnc_bronze_dev.hubspot_raw.companies,hs_lastmodifieddate,internal,,"a business column, not a load timestamp"
raw_vault,esat_client_legal_entity_hierarchy_effectivity_hubspot,HUBSPOT,sub_seq,INT,generated at load time,,,internal,,no bronze origin: written by the loader
raw_vault,esat_client_legal_entity_hierarchy_effectivity_hubspot,HUBSPOT,rec_src,STRING,generated at load time,,,internal,,no bronze origin: written by the loader
raw_vault,esat_client_legal_entity_hierarchy_effectivity_hubspot,HUBSPOT,batch_id,STRING,generated at load time,,,internal,,no bronze origin: written by the loader
raw_vault,esat_client_legal_entity_hierarchy_effectivity_hubspot,HUBSPOT,manifest_id,STRING,generated at load time,,,internal,,no bronze origin: written by the loader
raw_vault,esat_client_legal_entity_hierarchy_effectivity_hubspot,HUBSPOT,cdc_op,STRING,generated at load time,,,internal,,no bronze origin: written by the loader
raw_vault,esat_consolidation_hierarchy_effectivity_workday,WORKDAY,consolidation_hierarchy_hk,BINARY(32),"SHA-256 over ('WORKDAY', superior, reference_id) as BINARY(32); rulebook 1.0.0",PLACEHOLDER.reference.wd_organization,"superior, reference_id",internal,,"foreign key to hal_consolidation_hierarchy, hashed exactly as hal_consolidation_hierarchy's own loader hashes it; source-scoped, so WORKDAY's keys never collide with another system's identical value"
raw_vault,esat_consolidation_hierarchy_effectivity_workday,WORKDAY,hashdiff,BINARY(32),SHA-256 over the payload (1 column(s)) as BINARY(32); rulebook 1.0.0,PLACEHOLDER.reference.wd_organization,relationship_status,internal,,change detection: a new version is written only when this differs
raw_vault,esat_consolidation_hierarchy_effectivity_workday,WORKDAY,relationship_status,source-derived,"direct, same name",PLACEHOLDER.reference.wd_organization,relationship_status,internal,,the generator renames nothing
raw_vault,esat_consolidation_hierarchy_effectivity_workday,WORKDAY,load_dts,TIMESTAMP,generated at load time,,,internal,,no bronze origin: written by the loader
raw_vault,esat_consolidation_hierarchy_effectivity_workday,WORKDAY,applied_dts,TIMESTAMP,direct from the source's own clock/marker column,PLACEHOLDER.reference.wd_organization,effective_from,internal,,"a business column, not a load timestamp"
raw_vault,esat_consolidation_hierarchy_effectivity_workday,WORKDAY,sub_seq,INT,generated at load time,,,internal,,no bronze origin: written by the loader
raw_vault,esat_consolidation_hierarchy_effectivity_workday,WORKDAY,rec_src,STRING,generated at load time,,,internal,,no bronze origin: written by the loader
raw_vault,esat_consolidation_hierarchy_effectivity_workday,WORKDAY,batch_id,STRING,generated at load time,,,internal,,no bronze origin: written by the loader
raw_vault,esat_consolidation_hierarchy_effectivity_workday,WORKDAY,manifest_id,STRING,generated at load time,,,internal,,no bronze origin: written by the loader
raw_vault,esat_consolidation_hierarchy_effectivity_workday,WORKDAY,cdc_op,STRING,generated at load time,,,internal,,no bronze origin: written by the loader
raw_vault,esat_legal_entity_consolidation_effectivity_workday,WORKDAY,legal_entity_consolidation_hk,BINARY(32),"SHA-256 over ('WORKDAY', member_reference_id, group_reference_id) as BINARY(32); rulebook 1.0.0",PLACEHOLDER.reference.wd_organization_membership,"member_reference_id, group_reference_id",internal,,"foreign key to link_legal_entity_consolidation, hashed exactly as link_legal_entity_consolidation's own loader hashes it; source-scoped, so WORKDAY's keys never collide with another system's identical value"
raw_vault,esat_legal_entity_consolidation_effectivity_workday,WORKDAY,hashdiff,BINARY(32),SHA-256 over the payload (1 column(s)) as BINARY(32); rulebook 1.0.0,PLACEHOLDER.reference.wd_organization_membership,relationship_status,internal,,change detection: a new version is written only when this differs
raw_vault,esat_legal_entity_consolidation_effectivity_workday,WORKDAY,relationship_status,source-derived,"direct, same name",PLACEHOLDER.reference.wd_organization_membership,relationship_status,internal,,the generator renames nothing
raw_vault,esat_legal_entity_consolidation_effectivity_workday,WORKDAY,load_dts,TIMESTAMP,generated at load time,,,internal,,no bronze origin: written by the loader
raw_vault,esat_legal_entity_consolidation_effectivity_workday,WORKDAY,applied_dts,TIMESTAMP,direct from the source's own clock/marker column,PLACEHOLDER.reference.wd_organization_membership,effective_from,internal,,"a business column, not a load timestamp"
raw_vault,esat_legal_entity_consolidation_effectivity_workday,WORKDAY,sub_seq,INT,generated at load time,,,internal,,no bronze origin: written by the loader
raw_vault,esat_legal_entity_consolidation_effectivity_workday,WORKDAY,rec_src,STRING,generated at load time,,,internal,,no bronze origin: written by the loader
raw_vault,esat_legal_entity_consolidation_effectivity_workday,WORKDAY,batch_id,STRING,generated at load time,,,internal,,no bronze origin: written by the loader
raw_vault,esat_legal_entity_consolidation_effectivity_workday,WORKDAY,manifest_id,STRING,generated at load time,,,internal,,no bronze origin: written by the loader
raw_vault,esat_legal_entity_consolidation_effectivity_workday,WORKDAY,cdc_op,STRING,generated at load time,,,internal,,no bronze origin: written by the loader
raw_vault,esat_wd_reference_effectivity_workday,WORKDAY,wd_reference_hk,BINARY(32),"SHA-256 over (reference_id_type, reference_id) as BINARY(32); rulebook 1.0.0",02_usnc_silver_edm_dev.workday_landing.wd_reference_effectivity,"reference_id_type, reference_id",internal,,"foreign key to hub_wd_reference, hashed exactly as hub_wd_reference's own loader hashes it"
raw_vault,esat_wd_reference_effectivity_workday,WORKDAY,hashdiff,BINARY(32),SHA-256 over the payload (1 column(s)) as BINARY(32); rulebook 1.0.0,02_usnc_silver_edm_dev.workday_landing.wd_reference_effectivity,reference_status,internal,,change detection: a new version is written only when this differs
raw_vault,esat_wd_reference_effectivity_workday,WORKDAY,reference_status,source-derived,"direct, same name",02_usnc_silver_edm_dev.workday_landing.wd_reference_effectivity,reference_status,internal,,the generator renames nothing
raw_vault,esat_wd_reference_effectivity_workday,WORKDAY,load_dts,TIMESTAMP,generated at load time,,,internal,,no bronze origin: written by the loader
raw_vault,esat_wd_reference_effectivity_workday,WORKDAY,applied_dts,TIMESTAMP,direct from the source's own clock/marker column,02_usnc_silver_edm_dev.workday_landing.wd_reference_effectivity,effective_from,internal,,"a business column, not a load timestamp"
raw_vault,esat_wd_reference_effectivity_workday,WORKDAY,sub_seq,INT,generated at load time,,,internal,,no bronze origin: written by the loader
raw_vault,esat_wd_reference_effectivity_workday,WORKDAY,rec_src,STRING,generated at load time,,,internal,,no bronze origin: written by the loader
raw_vault,esat_wd_reference_effectivity_workday,WORKDAY,batch_id,STRING,generated at load time,,,internal,,no bronze origin: written by the loader
raw_vault,esat_wd_reference_effectivity_workday,WORKDAY,manifest_id,STRING,generated at load time,,,internal,,no bronze origin: written by the loader
raw_vault,esat_wd_reference_effectivity_workday,WORKDAY,cdc_op,STRING,generated at load time,,,internal,,no bronze origin: written by the loader
raw_vault,hal_client_legal_entity_hierarchy,HUBSPOT,client_legal_entity_hierarchy_hk,BINARY(32),"SHA-256 over ('HUBSPOT', parent_legal_entity_code, child_legal_entity_code) as BINARY(32); rulebook 1.0.0",01_usnc_bronze_dev.hubspot_raw.companies,"parent_legal_entity_code, child_legal_entity_code",internal,,"derived key, not a source column; source-scoped, so HUBSPOT's keys never collide with another system's identical value"
raw_vault,hal_client_legal_entity_hierarchy,HUBSPOT,parent_legal_entity_hk,BINARY(32),SHA-256 over (parent_legal_entity_code) as BINARY(32); rulebook 1.0.0,01_usnc_bronze_dev.hubspot_raw.companies,parent_legal_entity_code,internal,,"foreign key to hub_parent_legal_entity, hashed exactly as hub_parent_legal_entity's own loader hashes it"
raw_vault,hal_client_legal_entity_hierarchy,HUBSPOT,child_legal_entity_hk,BINARY(32),SHA-256 over (child_legal_entity_code) as BINARY(32); rulebook 1.0.0,01_usnc_bronze_dev.hubspot_raw.companies,child_legal_entity_code,internal,,"foreign key to hub_child_legal_entity, hashed exactly as hub_child_legal_entity's own loader hashes it"
raw_vault,hal_client_legal_entity_hierarchy,HUBSPOT,load_dts,TIMESTAMP,generated at load time,,,internal,,no bronze origin: written by the loader
raw_vault,hal_client_legal_entity_hierarchy,HUBSPOT,applied_dts,TIMESTAMP,direct from the source's own clock/marker column,01_usnc_bronze_dev.hubspot_raw.companies,hs_lastmodifieddate,internal,,"a business column, not a load timestamp"
raw_vault,hal_client_legal_entity_hierarchy,HUBSPOT,rec_src,STRING,generated at load time,,,internal,,no bronze origin: written by the loader
raw_vault,hal_client_legal_entity_hierarchy,HUBSPOT,batch_id,STRING,generated at load time,,,internal,,no bronze origin: written by the loader
raw_vault,hal_client_legal_entity_hierarchy,HUBSPOT,manifest_id,STRING,generated at load time,,,internal,,no bronze origin: written by the loader
raw_vault,hal_consolidation_hierarchy,WORKDAY,consolidation_hierarchy_hk,BINARY(32),"SHA-256 over ('WORKDAY', superior, reference_id) as BINARY(32); rulebook 1.0.0",PLACEHOLDER.reference.wd_organization,"superior, reference_id",internal,,"derived key, not a source column; source-scoped, so WORKDAY's keys never collide with another system's identical value"
raw_vault,hal_consolidation_hierarchy,WORKDAY,parent_consolidation_group_hk,BINARY(32),"SHA-256 over ('WORKDAY', superior) as BINARY(32); rulebook 1.0.0",PLACEHOLDER.reference.wd_organization,superior,internal,,"foreign key to hub_parent_consolidation_group, hashed exactly as hub_parent_consolidation_group's own loader hashes it; source-scoped, so WORKDAY's keys never collide with another system's identical value"
raw_vault,hal_consolidation_hierarchy,WORKDAY,child_consolidation_group_hk,BINARY(32),"SHA-256 over ('WORKDAY', reference_id) as BINARY(32); rulebook 1.0.0",PLACEHOLDER.reference.wd_organization,reference_id,internal,,"foreign key to hub_child_consolidation_group, hashed exactly as hub_child_consolidation_group's own loader hashes it; source-scoped, so WORKDAY's keys never collide with another system's identical value"
raw_vault,hal_consolidation_hierarchy,WORKDAY,load_dts,TIMESTAMP,generated at load time,,,internal,,no bronze origin: written by the loader
raw_vault,hal_consolidation_hierarchy,WORKDAY,applied_dts,TIMESTAMP,generated at load time,,,internal,,no bronze origin: written by the loader
raw_vault,hal_consolidation_hierarchy,WORKDAY,rec_src,STRING,generated at load time,,,internal,,no bronze origin: written by the loader
raw_vault,hal_consolidation_hierarchy,WORKDAY,batch_id,STRING,generated at load time,,,internal,,no bronze origin: written by the loader
raw_vault,hal_consolidation_hierarchy,WORKDAY,manifest_id,STRING,generated at load time,,,internal,,no bronze origin: written by the loader
raw_vault,hub_accounting_journal,GP_US,accounting_journal_hk,BINARY(32),"SHA-256 over ('GP_Journal_Entry', input_db, openyear, jrnentry) as BINARY(32); rulebook 1.0.0",01_usnc_bronze_dev.great_plains_raw.gl20000,"input_db, openyear, jrnentry",internal,,"derived key, not a source column"
raw_vault,hub_accounting_journal,GP_US,reference_type,source-derived,"literal 'GP_Journal_Entry', written by the loader",,,internal,,"a hub business key declared as a key_literal: a CONSTANT hashed into the key, not a column read from the source. Two bindings declaring different literals for the same position build keys that can never join"
raw_vault,hub_accounting_journal,GP_US,organisation_reference_id,source-derived,"direct, RENAMED from input_db",01_usnc_bronze_dev.great_plains_raw.gl20000,input_db,internal,,"the generator renames nothing on a payload column, but a hub business key is positional: GP_US declares 'input_db' for this key position, and another binding of the same hub may declare a different column for it"
raw_vault,hub_accounting_journal,GP_US,fiscal_year,source-derived,"direct, RENAMED from openyear",01_usnc_bronze_dev.great_plains_raw.gl20000,openyear,internal,,"the generator renames nothing on a payload column, but a hub business key is positional: GP_US declares 'openyear' for this key position, and another binding of the same hub may declare a different column for it"
raw_vault,hub_accounting_journal,GP_US,reference_id,source-derived,"direct, RENAMED from jrnentry",01_usnc_bronze_dev.great_plains_raw.gl20000,jrnentry,internal,,"the generator renames nothing on a payload column, but a hub business key is positional: GP_US declares 'jrnentry' for this key position, and another binding of the same hub may declare a different column for it"
raw_vault,hub_accounting_journal,GP_US,accounting_journal_bk,source-derived,"CONCAT_WS('||', 'GP_Journal_Entry', input_db, openyear, jrnentry) as STRING",01_usnc_bronze_dev.great_plains_raw.gl20000,"input_db, openyear, jrnentry",internal,,"the readable business key: built at load time from the business-key parts above, never joined on and never read from the source"
raw_vault,hub_accounting_journal,GP_US,load_dts,TIMESTAMP,generated at load time,,,internal,,no bronze origin: written by the loader
raw_vault,hub_accounting_journal,GP_US,applied_dts,TIMESTAMP,direct from the source's own clock/marker column,01_usnc_bronze_dev.great_plains_raw.gl20000,dex_row_ts,internal,,"a business column, not a load timestamp"
raw_vault,hub_accounting_journal,GP_US,rec_src,STRING,generated at load time,,,internal,,no bronze origin: written by the loader
raw_vault,hub_accounting_journal,GP_US,batch_id,STRING,generated at load time,,,internal,,no bronze origin: written by the loader
raw_vault,hub_accounting_journal,GP_US,manifest_id,STRING,generated at load time,,,internal,,no bronze origin: written by the loader
raw_vault,hub_accounting_journal,GP_US_HIST,accounting_journal_hk,BINARY(32),"SHA-256 over ('GP_Journal_Entry', input_db, hstyear, jrnentry) as BINARY(32); rulebook 1.0.0",01_usnc_bronze_dev.great_plains_raw.gl30000,"input_db, hstyear, jrnentry",internal,,"derived key, not a source column"
raw_vault,hub_accounting_journal,GP_US_HIST,reference_type,source-derived,"literal 'GP_Journal_Entry', written by the loader",,,internal,,"a hub business key declared as a key_literal: a CONSTANT hashed into the key, not a column read from the source. Two bindings declaring different literals for the same position build keys that can never join"
raw_vault,hub_accounting_journal,GP_US_HIST,organisation_reference_id,source-derived,"direct, RENAMED from input_db",01_usnc_bronze_dev.great_plains_raw.gl30000,input_db,internal,,"the generator renames nothing on a payload column, but a hub business key is positional: GP_US_HIST declares 'input_db' for this key position, and another binding of the same hub may declare a different column for it"
raw_vault,hub_accounting_journal,GP_US_HIST,fiscal_year,source-derived,"direct, RENAMED from hstyear",01_usnc_bronze_dev.great_plains_raw.gl30000,hstyear,internal,,"the generator renames nothing on a payload column, but a hub business key is positional: GP_US_HIST declares 'hstyear' for this key position, and another binding of the same hub may declare a different column for it"
raw_vault,hub_accounting_journal,GP_US_HIST,reference_id,source-derived,"direct, RENAMED from jrnentry",01_usnc_bronze_dev.great_plains_raw.gl30000,jrnentry,internal,,"the generator renames nothing on a payload column, but a hub business key is positional: GP_US_HIST declares 'jrnentry' for this key position, and another binding of the same hub may declare a different column for it"
raw_vault,hub_accounting_journal,GP_US_HIST,accounting_journal_bk,source-derived,"CONCAT_WS('||', 'GP_Journal_Entry', input_db, hstyear, jrnentry) as STRING",01_usnc_bronze_dev.great_plains_raw.gl30000,"input_db, hstyear, jrnentry",internal,,"the readable business key: built at load time from the business-key parts above, never joined on and never read from the source"
raw_vault,hub_accounting_journal,GP_US_HIST,load_dts,TIMESTAMP,generated at load time,,,internal,,no bronze origin: written by the loader
raw_vault,hub_accounting_journal,GP_US_HIST,applied_dts,TIMESTAMP,direct from the source's own clock/marker column,01_usnc_bronze_dev.great_plains_raw.gl30000,dex_row_ts,internal,,"a business column, not a load timestamp"
raw_vault,hub_accounting_journal,GP_US_HIST,rec_src,STRING,generated at load time,,,internal,,no bronze origin: written by the loader
raw_vault,hub_accounting_journal,GP_US_HIST,batch_id,STRING,generated at load time,,,internal,,no bronze origin: written by the loader
raw_vault,hub_accounting_journal,GP_US_HIST,manifest_id,STRING,generated at load time,,,internal,,no bronze origin: written by the loader
raw_vault,hub_accounting_journal,UKG_US,accounting_journal_hk,BINARY(32),"SHA-256 over ('UKG_Batch_ID', company, 'NOT_APPLICABLE', batchid) as BINARY(32); rulebook 1.0.0",01_usnc_bronze_dev.ukg_raw.gl,"company, batchid",internal,,"derived key, not a source column"
raw_vault,hub_accounting_journal,UKG_US,reference_type,source-derived,"literal 'UKG_Batch_ID', written by the loader",,,internal,,"a hub business key declared as a key_literal: a CONSTANT hashed into the key, not a column read from the source. Two bindings declaring different literals for the same position build keys that can never join"
raw_vault,hub_accounting_journal,UKG_US,organisation_reference_id,source-derived,"direct, RENAMED from company",01_usnc_bronze_dev.ukg_raw.gl,company,internal,,"the generator renames nothing on a payload column, but a hub business key is positional: UKG_US declares 'company' for this key position, and another binding of the same hub may declare a different column for it"
raw_vault,hub_accounting_journal,UKG_US,fiscal_year,source-derived,"literal 'NOT_APPLICABLE', written by the loader",,,internal,,"a hub business key declared as a key_literal: a CONSTANT hashed into the key, not a column read from the source. Two bindings declaring different literals for the same position build keys that can never join"
raw_vault,hub_accounting_journal,UKG_US,reference_id,source-derived,"direct, RENAMED from batchid",01_usnc_bronze_dev.ukg_raw.gl,batchid,internal,,"the generator renames nothing on a payload column, but a hub business key is positional: UKG_US declares 'batchid' for this key position, and another binding of the same hub may declare a different column for it"
raw_vault,hub_accounting_journal,UKG_US,accounting_journal_bk,source-derived,"CONCAT_WS('||', 'UKG_Batch_ID', company, 'NOT_APPLICABLE', batchid) as STRING",01_usnc_bronze_dev.ukg_raw.gl,"company, batchid",internal,,"the readable business key: built at load time from the business-key parts above, never joined on and never read from the source"
raw_vault,hub_accounting_journal,UKG_US,load_dts,TIMESTAMP,generated at load time,,,internal,,no bronze origin: written by the loader
raw_vault,hub_accounting_journal,UKG_US,applied_dts,TIMESTAMP,direct from the source's own clock/marker column,01_usnc_bronze_dev.ukg_raw.gl,paycheckdate,internal,,"a business column, not a load timestamp"
raw_vault,hub_accounting_journal,UKG_US,rec_src,STRING,generated at load time,,,internal,,no bronze origin: written by the loader
raw_vault,hub_accounting_journal,UKG_US,batch_id,STRING,generated at load time,,,internal,,no bronze origin: written by the loader
raw_vault,hub_accounting_journal,UKG_US,manifest_id,STRING,generated at load time,,,internal,,no bronze origin: written by the loader
raw_vault,hub_client,CLIENT_PORTAL,client_hk,BINARY(32),"SHA-256 over ('Portal_Client_Code', client_code) as BINARY(32); rulebook 1.0.0",hfig_eu.bronze.portal_client,client_code,internal,,"derived key, not a source column"
raw_vault,hub_client,CLIENT_PORTAL,reference_type,source-derived,"literal 'Portal_Client_Code', written by the loader",,,internal,,"a hub business key declared as a key_literal: a CONSTANT hashed into the key, not a column read from the source. Two bindings declaring different literals for the same position build keys that can never join"
raw_vault,hub_client,CLIENT_PORTAL,reference_id,source-derived,"direct, RENAMED from client_code",hfig_eu.bronze.portal_client,client_code,internal,,"the generator renames nothing on a payload column, but a hub business key is positional: CLIENT_PORTAL declares 'client_code' for this key position, and another binding of the same hub may declare a different column for it"
raw_vault,hub_client,CLIENT_PORTAL,client_bk,source-derived,"CONCAT_WS('||', 'Portal_Client_Code', client_code) as STRING",hfig_eu.bronze.portal_client,client_code,internal,,"the readable business key: built at load time from the business-key parts above, never joined on and never read from the source"
raw_vault,hub_client,CLIENT_PORTAL,load_dts,TIMESTAMP,generated at load time,,,internal,,no bronze origin: written by the loader
raw_vault,hub_client,CLIENT_PORTAL,applied_dts,TIMESTAMP,direct from the source's own clock/marker column,hfig_eu.bronze.portal_client,updated_at,internal,,"a business column, not a load timestamp"
raw_vault,hub_client,CLIENT_PORTAL,rec_src,STRING,generated at load time,,,internal,,no bronze origin: written by the loader
raw_vault,hub_client,CLIENT_PORTAL,batch_id,STRING,generated at load time,,,internal,,no bronze origin: written by the loader
raw_vault,hub_client,CLIENT_PORTAL,manifest_id,STRING,generated at load time,,,internal,,no bronze origin: written by the loader
raw_vault,hub_client,STRIIVE_EU,client_hk,BINARY(32),"SHA-256 over ('Portal_Client_Code', client_code) as BINARY(32); rulebook 1.0.0",hfig_eu.bronze.striive_job_request,client_code,internal,,"derived key, not a source column"
raw_vault,hub_client,STRIIVE_EU,reference_type,source-derived,"literal 'Portal_Client_Code', written by the loader",,,internal,,"a hub business key declared as a key_literal: a CONSTANT hashed into the key, not a column read from the source. Two bindings declaring different literals for the same position build keys that can never join"
raw_vault,hub_client,STRIIVE_EU,reference_id,source-derived,"direct, RENAMED from client_code",hfig_eu.bronze.striive_job_request,client_code,internal,,"the generator renames nothing on a payload column, but a hub business key is positional: STRIIVE_EU declares 'client_code' for this key position, and another binding of the same hub may declare a different column for it"
raw_vault,hub_client,STRIIVE_EU,client_bk,source-derived,"CONCAT_WS('||', 'Portal_Client_Code', client_code) as STRING",hfig_eu.bronze.striive_job_request,client_code,internal,,"the readable business key: built at load time from the business-key parts above, never joined on and never read from the source"
raw_vault,hub_client,STRIIVE_EU,load_dts,TIMESTAMP,generated at load time,,,internal,,no bronze origin: written by the loader
raw_vault,hub_client,STRIIVE_EU,applied_dts,TIMESTAMP,generated at load time,,,internal,,no bronze origin: written by the loader
raw_vault,hub_client,STRIIVE_EU,rec_src,STRING,generated at load time,,,internal,,no bronze origin: written by the loader
raw_vault,hub_client,STRIIVE_EU,batch_id,STRING,generated at load time,,,internal,,no bronze origin: written by the loader
raw_vault,hub_client,STRIIVE_EU,manifest_id,STRING,generated at load time,,,internal,,no bronze origin: written by the loader
raw_vault,hub_client,FIELDGLASS_US,client_hk,BINARY(32),"SHA-256 over ('Fieldglass_Buyer_Code', buyer_tenant) as BINARY(32); rulebook 1.0.0",01_usnc_bronze_dev.sap_fieldglass_raw.invoices,buyer_tenant,internal,,"derived key, not a source column"
raw_vault,hub_client,FIELDGLASS_US,reference_type,source-derived,"literal 'Fieldglass_Buyer_Code', written by the loader",,,internal,,"a hub business key declared as a key_literal: a CONSTANT hashed into the key, not a column read from the source. Two bindings declaring different literals for the same position build keys that can never join"
raw_vault,hub_client,FIELDGLASS_US,reference_id,source-derived,"direct, RENAMED from buyer_tenant",01_usnc_bronze_dev.sap_fieldglass_raw.invoices,buyer_tenant,internal,,"the generator renames nothing on a payload column, but a hub business key is positional: FIELDGLASS_US declares 'buyer_tenant' for this key position, and another binding of the same hub may declare a different column for it"
raw_vault,hub_client,FIELDGLASS_US,client_bk,source-derived,"CONCAT_WS('||', 'Fieldglass_Buyer_Code', buyer_tenant) as STRING",01_usnc_bronze_dev.sap_fieldglass_raw.invoices,buyer_tenant,internal,,"the readable business key: built at load time from the business-key parts above, never joined on and never read from the source"
raw_vault,hub_client,FIELDGLASS_US,load_dts,TIMESTAMP,generated at load time,,,internal,,no bronze origin: written by the loader
raw_vault,hub_client,FIELDGLASS_US,applied_dts,TIMESTAMP,direct from the source's own clock/marker column,01_usnc_bronze_dev.sap_fieldglass_raw.invoices,invoice_submit_date,internal,,"a business column, not a load timestamp"
raw_vault,hub_client,FIELDGLASS_US,rec_src,STRING,generated at load time,,,internal,,no bronze origin: written by the loader
raw_vault,hub_client,FIELDGLASS_US,batch_id,STRING,generated at load time,,,internal,,no bronze origin: written by the loader
raw_vault,hub_client,FIELDGLASS_US,manifest_id,STRING,generated at load time,,,internal,,no bronze origin: written by the loader
raw_vault,hub_client,BUSINESS_VAULT_GIE,client_hk,BINARY(32),"SHA-256 over ('Fieldglass_Buyer_Code', buyer_tenant) as BINARY(32); rulebook 1.0.0",,,internal,,"derived key, not a source column; nhl_invoice_line does NOT provide ['buyer_tenant'], so this value cannot be built from this source as declared -- the rule above still lists every hashed component, and source columns lists only what is really there"
raw_vault,hub_client,BUSINESS_VAULT_GIE,reference_type,source-derived,"literal 'Fieldglass_Buyer_Code', written by the loader",,,internal,,"a hub business key declared as a key_literal: a CONSTANT hashed into the key, not a column read from the source. Two bindings declaring different literals for the same position build keys that can never join"
raw_vault,hub_client,BUSINESS_VAULT_GIE,reference_id,source-derived,"NOT SOURCED: nhl_invoice_line has no column 'buyer_tenant', and this binding declares no derivation for it",,,internal,,"a hub business key read from 'buyer_tenant', and nhl_invoice_line does not provide that column either"
raw_vault,hub_client,BUSINESS_VAULT_GIE,client_bk,source-derived,"CONCAT_WS('||', 'Fieldglass_Buyer_Code', buyer_tenant) as STRING",,,internal,,"the readable business key: built at load time from the business-key parts above, never joined on and never read from the source; nhl_invoice_line does NOT provide ['buyer_tenant'], so this value cannot be built from this source as declared -- the rule above still lists every hashed component, and source columns lists only what is really there"
raw_vault,hub_client,BUSINESS_VAULT_GIE,load_dts,TIMESTAMP,generated at load time,,,internal,,no bronze origin: written by the loader
raw_vault,hub_client,BUSINESS_VAULT_GIE,applied_dts,TIMESTAMP,generated at load time,,,internal,,no bronze origin: written by the loader
raw_vault,hub_client,BUSINESS_VAULT_GIE,rec_src,STRING,generated at load time,,,internal,,no bronze origin: written by the loader
raw_vault,hub_client,BUSINESS_VAULT_GIE,batch_id,STRING,generated at load time,,,internal,,no bronze origin: written by the loader
raw_vault,hub_client,BUSINESS_VAULT_GIE,manifest_id,STRING,generated at load time,,,internal,,no bronze origin: written by the loader
raw_vault,hub_client,GP_CUSTOMER,client_hk,BINARY(32),"SHA-256 over ('GP_CUSTOMER', custnmbr) as BINARY(32); rulebook 1.0.0",01_usnc_bronze_dev.great_plains_raw.rm00101,custnmbr,internal,,"derived key, not a source column"
raw_vault,hub_client,GP_CUSTOMER,reference_type,source-derived,"literal 'GP_CUSTOMER', written by the loader",,,internal,,"a hub business key declared as a key_literal: a CONSTANT hashed into the key, not a column read from the source. Two bindings declaring different literals for the same position build keys that can never join"
raw_vault,hub_client,GP_CUSTOMER,reference_id,source-derived,"direct, RENAMED from custnmbr",01_usnc_bronze_dev.great_plains_raw.rm00101,custnmbr,internal,,"the generator renames nothing on a payload column, but a hub business key is positional: GP_CUSTOMER declares 'custnmbr' for this key position, and another binding of the same hub may declare a different column for it"
raw_vault,hub_client,GP_CUSTOMER,client_bk,source-derived,"CONCAT_WS('||', 'GP_CUSTOMER', custnmbr) as STRING",01_usnc_bronze_dev.great_plains_raw.rm00101,custnmbr,internal,,"the readable business key: built at load time from the business-key parts above, never joined on and never read from the source"
raw_vault,hub_client,GP_CUSTOMER,load_dts,TIMESTAMP,generated at load time,,,internal,,no bronze origin: written by the loader
raw_vault,hub_client,GP_CUSTOMER,applied_dts,TIMESTAMP,direct from the source's own clock/marker column,01_usnc_bronze_dev.great_plains_raw.rm00101,dex_row_ts,internal,,"a business column, not a load timestamp"
raw_vault,hub_client,GP_CUSTOMER,rec_src,STRING,generated at load time,,,internal,,no bronze origin: written by the loader
raw_vault,hub_client,GP_CUSTOMER,batch_id,STRING,generated at load time,,,internal,,no bronze origin: written by the loader
raw_vault,hub_client,GP_CUSTOMER,manifest_id,STRING,generated at load time,,,internal,,no bronze origin: written by the loader
raw_vault,hub_consolidation_group,WORKDAY,consolidation_group_hk,BINARY(32),"SHA-256 over ('WORKDAY', reference_id) as BINARY(32); rulebook 1.0.0",PLACEHOLDER.reference.wd_organization,reference_id,internal,,"derived key, not a source column; source-scoped, so WORKDAY's keys never collide with another system's identical value"
raw_vault,hub_consolidation_group,WORKDAY,consolidation_group_reference,source-derived,"direct, RENAMED from reference_id",PLACEHOLDER.reference.wd_organization,reference_id,internal,,"the generator renames nothing on a payload column, but a hub business key is positional: WORKDAY declares 'reference_id' for this key position, and another binding of the same hub may declare a different column for it"
raw_vault,hub_consolidation_group,WORKDAY,consolidation_group_bk,source-derived,"CONCAT_WS('||', reference_id) as STRING",PLACEHOLDER.reference.wd_organization,reference_id,internal,,"the readable business key: built at load time from the business-key parts above, never joined on and never read from the source"
raw_vault,hub_consolidation_group,WORKDAY,load_dts,TIMESTAMP,generated at load time,,,internal,,no bronze origin: written by the loader
raw_vault,hub_consolidation_group,WORKDAY,applied_dts,TIMESTAMP,generated at load time,,,internal,,no bronze origin: written by the loader
raw_vault,hub_consolidation_group,WORKDAY,rec_src,STRING,generated at load time,,,internal,,no bronze origin: written by the loader
raw_vault,hub_consolidation_group,WORKDAY,batch_id,STRING,generated at load time,,,internal,,no bronze origin: written by the loader
raw_vault,hub_consolidation_group,WORKDAY,manifest_id,STRING,generated at load time,,,internal,,no bronze origin: written by the loader
raw_vault,hub_invoice,FIELDGLASS_US,invoice_hk,BINARY(32),"SHA-256 over ('FIELDGLASS_US', buyer_tenant, invoice_id) as BINARY(32); rulebook 1.0.0",01_usnc_bronze_dev.sap_fieldglass_raw.invoices,"buyer_tenant, invoice_id",internal,,"derived key, not a source column; source-scoped, so FIELDGLASS_US's keys never collide with another system's identical value"
raw_vault,hub_invoice,FIELDGLASS_US,invoice_tenant,source-derived,"direct, RENAMED from buyer_tenant",01_usnc_bronze_dev.sap_fieldglass_raw.invoices,buyer_tenant,internal,,"the generator renames nothing on a payload column, but a hub business key is positional: FIELDGLASS_US declares 'buyer_tenant' for this key position, and another binding of the same hub may declare a different column for it"
raw_vault,hub_invoice,FIELDGLASS_US,invoice_reference,source-derived,"direct, RENAMED from invoice_id",01_usnc_bronze_dev.sap_fieldglass_raw.invoices,invoice_id,internal,,"the generator renames nothing on a payload column, but a hub business key is positional: FIELDGLASS_US declares 'invoice_id' for this key position, and another binding of the same hub may declare a different column for it"
raw_vault,hub_invoice,FIELDGLASS_US,invoice_bk,source-derived,"CONCAT_WS('||', buyer_tenant, invoice_id) as STRING",01_usnc_bronze_dev.sap_fieldglass_raw.invoices,"buyer_tenant, invoice_id",internal,,"the readable business key: built at load time from the business-key parts above, never joined on and never read from the source"
raw_vault,hub_invoice,FIELDGLASS_US,load_dts,TIMESTAMP,generated at load time,,,internal,,no bronze origin: written by the loader
raw_vault,hub_invoice,FIELDGLASS_US,applied_dts,TIMESTAMP,direct from the source's own clock/marker column,01_usnc_bronze_dev.sap_fieldglass_raw.invoices,invoice_submit_date,internal,,"a business column, not a load timestamp"
raw_vault,hub_invoice,FIELDGLASS_US,rec_src,STRING,generated at load time,,,internal,,no bronze origin: written by the loader
raw_vault,hub_invoice,FIELDGLASS_US,batch_id,STRING,generated at load time,,,internal,,no bronze origin: written by the loader
raw_vault,hub_invoice,FIELDGLASS_US,manifest_id,STRING,generated at load time,,,internal,,no bronze origin: written by the loader
raw_vault,hub_job_request,STRIIVE_EU,job_request_hk,BINARY(32),"SHA-256 over ('STRIIVE_EU', 'NOT_APPLICABLE', reference_code) as BINARY(32); rulebook 1.0.0",hfig_eu.bronze.striive_job_request,reference_code,internal,,"derived key, not a source column; source-scoped, so STRIIVE_EU's keys never collide with another system's identical value"
raw_vault,hub_job_request,STRIIVE_EU,job_request_tenant,source-derived,"literal 'NOT_APPLICABLE', written by the loader",,,internal,,"a hub business key declared as a key_literal: a CONSTANT hashed into the key, not a column read from the source. Two bindings declaring different literals for the same position build keys that can never join"
raw_vault,hub_job_request,STRIIVE_EU,job_request_reference,source-derived,"direct, RENAMED from reference_code",hfig_eu.bronze.striive_job_request,reference_code,internal,,"the generator renames nothing on a payload column, but a hub business key is positional: STRIIVE_EU declares 'reference_code' for this key position, and another binding of the same hub may declare a different column for it"
raw_vault,hub_job_request,STRIIVE_EU,job_request_bk,source-derived,"CONCAT_WS('||', 'NOT_APPLICABLE', reference_code) as STRING",hfig_eu.bronze.striive_job_request,reference_code,internal,,"the readable business key: built at load time from the business-key parts above, never joined on and never read from the source"
raw_vault,hub_job_request,STRIIVE_EU,load_dts,TIMESTAMP,generated at load time,,,internal,,no bronze origin: written by the loader
raw_vault,hub_job_request,STRIIVE_EU,applied_dts,TIMESTAMP,direct from the source's own clock/marker column,hfig_eu.bronze.striive_job_request,last_modified_at,internal,,"a business column, not a load timestamp"
raw_vault,hub_job_request,STRIIVE_EU,rec_src,STRING,generated at load time,,,internal,,no bronze origin: written by the loader
raw_vault,hub_job_request,STRIIVE_EU,batch_id,STRING,generated at load time,,,internal,,no bronze origin: written by the loader
raw_vault,hub_job_request,STRIIVE_EU,manifest_id,STRING,direct from the source's own clock/marker column,hfig_eu.bronze.striive_job_request,_manifest_id,internal,,"a business column, not a load timestamp"
raw_vault,hub_job_request,BULLHORN_EU,job_request_hk,BINARY(32),"SHA-256 over ('BULLHORN_EU', 'NOT_APPLICABLE', joborderid) as BINARY(32); rulebook 1.0.0",01_usnc_bronze_dev.bullhorn_native_raw.joborders,joborderid,internal,,"derived key, not a source column; source-scoped, so BULLHORN_EU's keys never collide with another system's identical value"
raw_vault,hub_job_request,BULLHORN_EU,job_request_tenant,source-derived,"literal 'NOT_APPLICABLE', written by the loader",,,internal,,"a hub business key declared as a key_literal: a CONSTANT hashed into the key, not a column read from the source. Two bindings declaring different literals for the same position build keys that can never join"
raw_vault,hub_job_request,BULLHORN_EU,job_request_reference,source-derived,"direct, RENAMED from joborderid",01_usnc_bronze_dev.bullhorn_native_raw.joborders,joborderid,internal,,"the generator renames nothing on a payload column, but a hub business key is positional: BULLHORN_EU declares 'joborderid' for this key position, and another binding of the same hub may declare a different column for it"
raw_vault,hub_job_request,BULLHORN_EU,job_request_bk,source-derived,"CONCAT_WS('||', 'NOT_APPLICABLE', joborderid) as STRING",01_usnc_bronze_dev.bullhorn_native_raw.joborders,joborderid,internal,,"the readable business key: built at load time from the business-key parts above, never joined on and never read from the source"
raw_vault,hub_job_request,BULLHORN_EU,load_dts,TIMESTAMP,generated at load time,,,internal,,no bronze origin: written by the loader
raw_vault,hub_job_request,BULLHORN_EU,applied_dts,TIMESTAMP,direct from the source's own clock/marker column,01_usnc_bronze_dev.bullhorn_native_raw.joborders,datelastmodified,internal,,"a business column, not a load timestamp"
raw_vault,hub_job_request,BULLHORN_EU,rec_src,STRING,generated at load time,,,internal,,no bronze origin: written by the loader
raw_vault,hub_job_request,BULLHORN_EU,batch_id,STRING,generated at load time,,,internal,,no bronze origin: written by the loader
raw_vault,hub_job_request,BULLHORN_EU,manifest_id,STRING,generated at load time,,,internal,,no bronze origin: written by the loader
raw_vault,hub_job_request,PROUNITY_EU,job_request_hk,BINARY(32),"SHA-256 over ('PROUNITY_EU', 'NOT_APPLICABLE', request_ref) as BINARY(32); rulebook 1.0.0",hfig_eu.bronze.prounity_request,request_ref,internal,,"derived key, not a source column; source-scoped, so PROUNITY_EU's keys never collide with another system's identical value"
raw_vault,hub_job_request,PROUNITY_EU,job_request_tenant,source-derived,"literal 'NOT_APPLICABLE', written by the loader",,,internal,,"a hub business key declared as a key_literal: a CONSTANT hashed into the key, not a column read from the source. Two bindings declaring different literals for the same position build keys that can never join"
raw_vault,hub_job_request,PROUNITY_EU,job_request_reference,source-derived,"direct, RENAMED from request_ref",hfig_eu.bronze.prounity_request,request_ref,internal,,"the generator renames nothing on a payload column, but a hub business key is positional: PROUNITY_EU declares 'request_ref' for this key position, and another binding of the same hub may declare a different column for it"
raw_vault,hub_job_request,PROUNITY_EU,job_request_bk,source-derived,"CONCAT_WS('||', 'NOT_APPLICABLE', request_ref) as STRING",hfig_eu.bronze.prounity_request,request_ref,internal,,"the readable business key: built at load time from the business-key parts above, never joined on and never read from the source"
raw_vault,hub_job_request,PROUNITY_EU,load_dts,TIMESTAMP,generated at load time,,,internal,,no bronze origin: written by the loader
raw_vault,hub_job_request,PROUNITY_EU,applied_dts,TIMESTAMP,direct from the source's own clock/marker column,hfig_eu.bronze.prounity_request,modified_ts,internal,,"a business column, not a load timestamp"
raw_vault,hub_job_request,PROUNITY_EU,rec_src,STRING,generated at load time,,,internal,,no bronze origin: written by the loader
raw_vault,hub_job_request,PROUNITY_EU,batch_id,STRING,generated at load time,,,internal,,no bronze origin: written by the loader
raw_vault,hub_job_request,PROUNITY_EU,manifest_id,STRING,direct from the source's own clock/marker column,hfig_eu.bronze.prounity_request,_manifest_id,internal,,"a business column, not a load timestamp"
raw_vault,hub_job_request,FIELDGLASS_US,job_request_hk,BINARY(32),"SHA-256 over ('FIELDGLASS_US', buyer, job_posting_id) as BINARY(32); rulebook 1.0.0",02_usnc_silver_edm_dev.raw_vault.v_fieldglass_us_job_posting,"buyer, job_posting_id",internal,,"derived key, not a source column; source-scoped, so FIELDGLASS_US's keys never collide with another system's identical value"
raw_vault,hub_job_request,FIELDGLASS_US,job_request_tenant,source-derived,"direct, RENAMED from buyer",02_usnc_silver_edm_dev.raw_vault.v_fieldglass_us_job_posting,buyer,internal,,"the generator renames nothing on a payload column, but a hub business key is positional: FIELDGLASS_US declares 'buyer' for this key position, and another binding of the same hub may declare a different column for it"
raw_vault,hub_job_request,FIELDGLASS_US,job_request_reference,source-derived,"direct, RENAMED from job_posting_id",02_usnc_silver_edm_dev.raw_vault.v_fieldglass_us_job_posting,job_posting_id,internal,,"the generator renames nothing on a payload column, but a hub business key is positional: FIELDGLASS_US declares 'job_posting_id' for this key position, and another binding of the same hub may declare a different column for it"
raw_vault,hub_job_request,FIELDGLASS_US,job_request_bk,source-derived,"CONCAT_WS('||', buyer, job_posting_id) as STRING",02_usnc_silver_edm_dev.raw_vault.v_fieldglass_us_job_posting,"buyer, job_posting_id",internal,,"the readable business key: built at load time from the business-key parts above, never joined on and never read from the source"
raw_vault,hub_job_request,FIELDGLASS_US,load_dts,TIMESTAMP,generated at load time,,,internal,,no bronze origin: written by the loader
raw_vault,hub_job_request,FIELDGLASS_US,applied_dts,TIMESTAMP,generated at load time,,,internal,,no bronze origin: written by the loader
raw_vault,hub_job_request,FIELDGLASS_US,rec_src,STRING,generated at load time,,,internal,,no bronze origin: written by the loader
raw_vault,hub_job_request,FIELDGLASS_US,batch_id,STRING,generated at load time,,,internal,,no bronze origin: written by the loader
raw_vault,hub_job_request,FIELDGLASS_US,manifest_id,STRING,generated at load time,,,internal,,no bronze origin: written by the loader
raw_vault,hub_ledger_account,GP_US,ledger_account_hk,BINARY(32),"SHA-256 over (input_db, actindx) as BINARY(32); rulebook 1.0.0",01_usnc_bronze_dev.great_plains_raw.gl00100,"input_db, actindx",internal,,"derived key, not a source column"
raw_vault,hub_ledger_account,GP_US,organisation_reference_id,source-derived,"direct, RENAMED from input_db",01_usnc_bronze_dev.great_plains_raw.gl00100,input_db,internal,,"the generator renames nothing on a payload column, but a hub business key is positional: GP_US declares 'input_db' for this key position, and another binding of the same hub may declare a different column for it"
raw_vault,hub_ledger_account,GP_US,ledger_account_reference,source-derived,"direct, RENAMED from actindx",01_usnc_bronze_dev.great_plains_raw.gl00100,actindx,internal,,"the generator renames nothing on a payload column, but a hub business key is positional: GP_US declares 'actindx' for this key position, and another binding of the same hub may declare a different column for it"
raw_vault,hub_ledger_account,GP_US,ledger_account_bk,source-derived,"CONCAT_WS('||', input_db, actindx) as STRING",01_usnc_bronze_dev.great_plains_raw.gl00100,"input_db, actindx",internal,,"the readable business key: built at load time from the business-key parts above, never joined on and never read from the source"
raw_vault,hub_ledger_account,GP_US,load_dts,TIMESTAMP,generated at load time,,,internal,,no bronze origin: written by the loader
raw_vault,hub_ledger_account,GP_US,applied_dts,TIMESTAMP,direct from the source's own clock/marker column,01_usnc_bronze_dev.great_plains_raw.gl00100,dex_row_ts,internal,,"a business column, not a load timestamp"
raw_vault,hub_ledger_account,GP_US,rec_src,STRING,generated at load time,,,internal,,no bronze origin: written by the loader
raw_vault,hub_ledger_account,GP_US,batch_id,STRING,generated at load time,,,internal,,no bronze origin: written by the loader
raw_vault,hub_ledger_account,GP_US,manifest_id,STRING,generated at load time,,,internal,,no bronze origin: written by the loader
raw_vault,hub_ledger_account,UKG_US,ledger_account_hk,BINARY(32),"SHA-256 over (company, account) as BINARY(32); rulebook 1.0.0",01_usnc_bronze_dev.ukg_raw.gl,"company, account",internal,,"derived key, not a source column"
raw_vault,hub_ledger_account,UKG_US,organisation_reference_id,source-derived,"direct, RENAMED from company",01_usnc_bronze_dev.ukg_raw.gl,company,internal,,"the generator renames nothing on a payload column, but a hub business key is positional: UKG_US declares 'company' for this key position, and another binding of the same hub may declare a different column for it"
raw_vault,hub_ledger_account,UKG_US,ledger_account_reference,source-derived,"direct, RENAMED from account",01_usnc_bronze_dev.ukg_raw.gl,account,internal,,"the generator renames nothing on a payload column, but a hub business key is positional: UKG_US declares 'account' for this key position, and another binding of the same hub may declare a different column for it"
raw_vault,hub_ledger_account,UKG_US,ledger_account_bk,source-derived,"CONCAT_WS('||', company, account) as STRING",01_usnc_bronze_dev.ukg_raw.gl,"company, account",internal,,"the readable business key: built at load time from the business-key parts above, never joined on and never read from the source"
raw_vault,hub_ledger_account,UKG_US,load_dts,TIMESTAMP,generated at load time,,,internal,,no bronze origin: written by the loader
raw_vault,hub_ledger_account,UKG_US,applied_dts,TIMESTAMP,direct from the source's own clock/marker column,01_usnc_bronze_dev.ukg_raw.gl,paycheckdate,internal,,"a business column, not a load timestamp"
raw_vault,hub_ledger_account,UKG_US,rec_src,STRING,generated at load time,,,internal,,no bronze origin: written by the loader
raw_vault,hub_ledger_account,UKG_US,batch_id,STRING,generated at load time,,,internal,,no bronze origin: written by the loader
raw_vault,hub_ledger_account,UKG_US,manifest_id,STRING,generated at load time,,,internal,,no bronze origin: written by the loader
raw_vault,hub_legal_entity,HUBSPOT,legal_entity_hk,BINARY(32),SHA-256 over (hs_object_id) as BINARY(32); rulebook 1.0.0,01_usnc_bronze_dev.hubspot_raw.companies,hs_object_id,internal,,"derived key, not a source column"
raw_vault,hub_legal_entity,HUBSPOT,legal_entity_code,source-derived,"direct, RENAMED from hs_object_id",01_usnc_bronze_dev.hubspot_raw.companies,hs_object_id,internal,,"the generator renames nothing on a payload column, but a hub business key is positional: HUBSPOT declares 'hs_object_id' for this key position, and another binding of the same hub may declare a different column for it"
raw_vault,hub_legal_entity,HUBSPOT,legal_entity_bk,source-derived,"CONCAT_WS('||', hs_object_id) as STRING",01_usnc_bronze_dev.hubspot_raw.companies,hs_object_id,internal,,"the readable business key: built at load time from the business-key parts above, never joined on and never read from the source"
raw_vault,hub_legal_entity,HUBSPOT,load_dts,TIMESTAMP,generated at load time,,,internal,,no bronze origin: written by the loader
raw_vault,hub_legal_entity,HUBSPOT,applied_dts,TIMESTAMP,direct from the source's own clock/marker column,01_usnc_bronze_dev.hubspot_raw.companies,hs_lastmodifieddate,internal,,"a business column, not a load timestamp"
raw_vault,hub_legal_entity,HUBSPOT,rec_src,STRING,generated at load time,,,internal,,no bronze origin: written by the loader
raw_vault,hub_legal_entity,HUBSPOT,batch_id,STRING,generated at load time,,,internal,,no bronze origin: written by the loader
raw_vault,hub_legal_entity,HUBSPOT,manifest_id,STRING,generated at load time,,,internal,,no bronze origin: written by the loader
raw_vault,hub_operating_company,GP_US,operating_company_hk,BINARY(32),"SHA-256 over ('Organization_Reference_ID', input_db) as BINARY(32); rulebook 1.0.0",01_usnc_bronze_dev.great_plains_raw.gl20000,input_db,internal,,"derived key, not a source column"
raw_vault,hub_operating_company,GP_US,reference_type,source-derived,"literal 'Organization_Reference_ID', written by the loader",,,internal,,"a hub business key declared as a key_literal: a CONSTANT hashed into the key, not a column read from the source. Two bindings declaring different literals for the same position build keys that can never join"
raw_vault,hub_operating_company,GP_US,reference_id,source-derived,"direct, RENAMED from input_db",01_usnc_bronze_dev.great_plains_raw.gl20000,input_db,internal,,"the generator renames nothing on a payload column, but a hub business key is positional: GP_US declares 'input_db' for this key position, and another binding of the same hub may declare a different column for it"
raw_vault,hub_operating_company,GP_US,operating_company_bk,source-derived,"CONCAT_WS('||', 'Organization_Reference_ID', input_db) as STRING",01_usnc_bronze_dev.great_plains_raw.gl20000,input_db,internal,,"the readable business key: built at load time from the business-key parts above, never joined on and never read from the source"
raw_vault,hub_operating_company,GP_US,load_dts,TIMESTAMP,generated at load time,,,internal,,no bronze origin: written by the loader
raw_vault,hub_operating_company,GP_US,applied_dts,TIMESTAMP,direct from the source's own clock/marker column,01_usnc_bronze_dev.great_plains_raw.gl20000,dex_row_ts,internal,,"a business column, not a load timestamp"
raw_vault,hub_operating_company,GP_US,rec_src,STRING,generated at load time,,,internal,,no bronze origin: written by the loader
raw_vault,hub_operating_company,GP_US,batch_id,STRING,generated at load time,,,internal,,no bronze origin: written by the loader
raw_vault,hub_operating_company,GP_US,manifest_id,STRING,generated at load time,,,internal,,no bronze origin: written by the loader
raw_vault,hub_operating_company,GP_US_HIST,operating_company_hk,BINARY(32),"SHA-256 over ('Organization_Reference_ID', input_db) as BINARY(32); rulebook 1.0.0",01_usnc_bronze_dev.great_plains_raw.gl30000,input_db,internal,,"derived key, not a source column"
raw_vault,hub_operating_company,GP_US_HIST,reference_type,source-derived,"literal 'Organization_Reference_ID', written by the loader",,,internal,,"a hub business key declared as a key_literal: a CONSTANT hashed into the key, not a column read from the source. Two bindings declaring different literals for the same position build keys that can never join"
raw_vault,hub_operating_company,GP_US_HIST,reference_id,source-derived,"direct, RENAMED from input_db",01_usnc_bronze_dev.great_plains_raw.gl30000,input_db,internal,,"the generator renames nothing on a payload column, but a hub business key is positional: GP_US_HIST declares 'input_db' for this key position, and another binding of the same hub may declare a different column for it"
raw_vault,hub_operating_company,GP_US_HIST,operating_company_bk,source-derived,"CONCAT_WS('||', 'Organization_Reference_ID', input_db) as STRING",01_usnc_bronze_dev.great_plains_raw.gl30000,input_db,internal,,"the readable business key: built at load time from the business-key parts above, never joined on and never read from the source"
raw_vault,hub_operating_company,GP_US_HIST,load_dts,TIMESTAMP,generated at load time,,,internal,,no bronze origin: written by the loader
raw_vault,hub_operating_company,GP_US_HIST,applied_dts,TIMESTAMP,direct from the source's own clock/marker column,01_usnc_bronze_dev.great_plains_raw.gl30000,dex_row_ts,internal,,"a business column, not a load timestamp"
raw_vault,hub_operating_company,GP_US_HIST,rec_src,STRING,generated at load time,,,internal,,no bronze origin: written by the loader
raw_vault,hub_operating_company,GP_US_HIST,batch_id,STRING,generated at load time,,,internal,,no bronze origin: written by the loader
raw_vault,hub_operating_company,GP_US_HIST,manifest_id,STRING,generated at load time,,,internal,,no bronze origin: written by the loader
raw_vault,hub_operating_company,UKG_US,operating_company_hk,BINARY(32),"SHA-256 over ('Organization_Reference_ID', company) as BINARY(32); rulebook 1.0.0",01_usnc_bronze_dev.ukg_raw.gl,company,internal,,"derived key, not a source column"
raw_vault,hub_operating_company,UKG_US,reference_type,source-derived,"literal 'Organization_Reference_ID', written by the loader",,,internal,,"a hub business key declared as a key_literal: a CONSTANT hashed into the key, not a column read from the source. Two bindings declaring different literals for the same position build keys that can never join"
raw_vault,hub_operating_company,UKG_US,reference_id,source-derived,"direct, RENAMED from company",01_usnc_bronze_dev.ukg_raw.gl,company,internal,,"the generator renames nothing on a payload column, but a hub business key is positional: UKG_US declares 'company' for this key position, and another binding of the same hub may declare a different column for it"
raw_vault,hub_operating_company,UKG_US,operating_company_bk,source-derived,"CONCAT_WS('||', 'Organization_Reference_ID', company) as STRING",01_usnc_bronze_dev.ukg_raw.gl,company,internal,,"the readable business key: built at load time from the business-key parts above, never joined on and never read from the source"
raw_vault,hub_operating_company,UKG_US,load_dts,TIMESTAMP,generated at load time,,,internal,,no bronze origin: written by the loader
raw_vault,hub_operating_company,UKG_US,applied_dts,TIMESTAMP,direct from the source's own clock/marker column,01_usnc_bronze_dev.ukg_raw.gl,paycheckdate,internal,,"a business column, not a load timestamp"
raw_vault,hub_operating_company,UKG_US,rec_src,STRING,generated at load time,,,internal,,no bronze origin: written by the loader
raw_vault,hub_operating_company,UKG_US,batch_id,STRING,generated at load time,,,internal,,no bronze origin: written by the loader
raw_vault,hub_operating_company,UKG_US,manifest_id,STRING,generated at load time,,,internal,,no bronze origin: written by the loader
raw_vault,hub_operating_company,BUSINESS_VAULT,operating_company_hk,BINARY(32),"SHA-256 over ('Organization_Reference_ID', company_reference_id) as BINARY(32); rulebook 1.0.0",,,internal,,"derived key, not a source column; nhl_payroll_detail does NOT provide ['company_reference_id'], so this value cannot be built from this source as declared -- the rule above still lists every hashed component, and source columns lists only what is really there"
raw_vault,hub_operating_company,BUSINESS_VAULT,reference_type,source-derived,"literal 'Organization_Reference_ID', written by the loader",,,internal,,"a hub business key declared as a key_literal: a CONSTANT hashed into the key, not a column read from the source. Two bindings declaring different literals for the same position build keys that can never join"
raw_vault,hub_operating_company,BUSINESS_VAULT,reference_id,source-derived,"NOT SOURCED: nhl_payroll_detail has no column 'company_reference_id', and this binding declares no derivation for it",,,internal,,"a hub business key read from 'company_reference_id', and nhl_payroll_detail does not provide that column either"
raw_vault,hub_operating_company,BUSINESS_VAULT,operating_company_bk,source-derived,"CONCAT_WS('||', 'Organization_Reference_ID', company_reference_id) as STRING",,,internal,,"the readable business key: built at load time from the business-key parts above, never joined on and never read from the source; nhl_payroll_detail does NOT provide ['company_reference_id'], so this value cannot be built from this source as declared -- the rule above still lists every hashed component, and source columns lists only what is really there"
raw_vault,hub_operating_company,BUSINESS_VAULT,load_dts,TIMESTAMP,generated at load time,,,internal,,no bronze origin: written by the loader
raw_vault,hub_operating_company,BUSINESS_VAULT,applied_dts,TIMESTAMP,generated at load time,,,internal,,no bronze origin: written by the loader
raw_vault,hub_operating_company,BUSINESS_VAULT,rec_src,STRING,generated at load time,,,internal,,no bronze origin: written by the loader
raw_vault,hub_operating_company,BUSINESS_VAULT,batch_id,STRING,generated at load time,,,internal,,no bronze origin: written by the loader
raw_vault,hub_operating_company,BUSINESS_VAULT,manifest_id,STRING,generated at load time,,,internal,,no bronze origin: written by the loader
raw_vault,hub_pay_period,UKG_US,pay_period_hk,BINARY(32),"SHA-256 over (payperiodstartdate, payperiodenddate) as BINARY(32); rulebook 1.0.0",01_usnc_bronze_dev.ukg_raw.gl,"payperiodstartdate, payperiodenddate",internal,,"derived key, not a source column"
raw_vault,hub_pay_period,UKG_US,pay_period_start_date,source-derived,"direct, RENAMED from payperiodstartdate",01_usnc_bronze_dev.ukg_raw.gl,payperiodstartdate,internal,,"the generator renames nothing on a payload column, but a hub business key is positional: UKG_US declares 'payperiodstartdate' for this key position, and another binding of the same hub may declare a different column for it"
raw_vault,hub_pay_period,UKG_US,pay_period_end_date,source-derived,"direct, RENAMED from payperiodenddate",01_usnc_bronze_dev.ukg_raw.gl,payperiodenddate,internal,,"the generator renames nothing on a payload column, but a hub business key is positional: UKG_US declares 'payperiodenddate' for this key position, and another binding of the same hub may declare a different column for it"
raw_vault,hub_pay_period,UKG_US,pay_period_bk,source-derived,"CONCAT_WS('||', payperiodstartdate, payperiodenddate) as STRING",01_usnc_bronze_dev.ukg_raw.gl,"payperiodstartdate, payperiodenddate",internal,,"the readable business key: built at load time from the business-key parts above, never joined on and never read from the source"
raw_vault,hub_pay_period,UKG_US,load_dts,TIMESTAMP,generated at load time,,,internal,,no bronze origin: written by the loader
raw_vault,hub_pay_period,UKG_US,applied_dts,TIMESTAMP,direct from the source's own clock/marker column,01_usnc_bronze_dev.ukg_raw.gl,paycheckdate,internal,,"a business column, not a load timestamp"
raw_vault,hub_pay_period,UKG_US,rec_src,STRING,generated at load time,,,internal,,no bronze origin: written by the loader
raw_vault,hub_pay_period,UKG_US,batch_id,STRING,generated at load time,,,internal,,no bronze origin: written by the loader
raw_vault,hub_pay_period,UKG_US,manifest_id,STRING,generated at load time,,,internal,,no bronze origin: written by the loader
raw_vault,hub_supplier,FIELDGLASS_US,supplier_hk,BINARY(32),"SHA-256 over ('FIELDGLASS_US', buyer_tenant, supplier_code) as BINARY(32); rulebook 1.0.0",01_usnc_bronze_dev.sap_fieldglass_raw.invoices,"buyer_tenant, supplier_code",internal,,"derived key, not a source column; source-scoped, so FIELDGLASS_US's keys never collide with another system's identical value"
raw_vault,hub_supplier,FIELDGLASS_US,supplier_tenant,source-derived,"direct, RENAMED from buyer_tenant",01_usnc_bronze_dev.sap_fieldglass_raw.invoices,buyer_tenant,internal,,"the generator renames nothing on a payload column, but a hub business key is positional: FIELDGLASS_US declares 'buyer_tenant' for this key position, and another binding of the same hub may declare a different column for it"
raw_vault,hub_supplier,FIELDGLASS_US,supplier_code,source-derived,"direct, same name",01_usnc_bronze_dev.sap_fieldglass_raw.invoices,supplier_code,internal,,the generator renames nothing
raw_vault,hub_supplier,FIELDGLASS_US,supplier_bk,source-derived,"CONCAT_WS('||', buyer_tenant, supplier_code) as STRING",01_usnc_bronze_dev.sap_fieldglass_raw.invoices,"buyer_tenant, supplier_code",internal,,"the readable business key: built at load time from the business-key parts above, never joined on and never read from the source"
raw_vault,hub_supplier,FIELDGLASS_US,load_dts,TIMESTAMP,generated at load time,,,internal,,no bronze origin: written by the loader
raw_vault,hub_supplier,FIELDGLASS_US,applied_dts,TIMESTAMP,direct from the source's own clock/marker column,01_usnc_bronze_dev.sap_fieldglass_raw.invoices,invoice_submit_date,internal,,"a business column, not a load timestamp"
raw_vault,hub_supplier,FIELDGLASS_US,rec_src,STRING,generated at load time,,,internal,,no bronze origin: written by the loader
raw_vault,hub_supplier,FIELDGLASS_US,batch_id,STRING,generated at load time,,,internal,,no bronze origin: written by the loader
raw_vault,hub_supplier,FIELDGLASS_US,manifest_id,STRING,generated at load time,,,internal,,no bronze origin: written by the loader
raw_vault,hub_supplier,GP_VENDOR,supplier_hk,BINARY(32),"SHA-256 over ('GP_VENDOR', input_db, vendorid) as BINARY(32); rulebook 1.0.0",01_usnc_bronze_dev.great_plains_raw.pm00200,"input_db, vendorid",internal,,"derived key, not a source column; source-scoped, so GP_VENDOR's keys never collide with another system's identical value"
raw_vault,hub_supplier,GP_VENDOR,supplier_tenant,source-derived,"direct, RENAMED from input_db",01_usnc_bronze_dev.great_plains_raw.pm00200,input_db,internal,,"the generator renames nothing on a payload column, but a hub business key is positional: GP_VENDOR declares 'input_db' for this key position, and another binding of the same hub may declare a different column for it"
raw_vault,hub_supplier,GP_VENDOR,supplier_code,source-derived,"direct, RENAMED from vendorid",01_usnc_bronze_dev.great_plains_raw.pm00200,vendorid,internal,,"the generator renames nothing on a payload column, but a hub business key is positional: GP_VENDOR declares 'vendorid' for this key position, and another binding of the same hub may declare a different column for it"
raw_vault,hub_supplier,GP_VENDOR,supplier_bk,source-derived,"CONCAT_WS('||', input_db, vendorid) as STRING",01_usnc_bronze_dev.great_plains_raw.pm00200,"input_db, vendorid",internal,,"the readable business key: built at load time from the business-key parts above, never joined on and never read from the source"
raw_vault,hub_supplier,GP_VENDOR,load_dts,TIMESTAMP,generated at load time,,,internal,,no bronze origin: written by the loader
raw_vault,hub_supplier,GP_VENDOR,applied_dts,TIMESTAMP,direct from the source's own clock/marker column,01_usnc_bronze_dev.great_plains_raw.pm00200,dex_row_ts,internal,,"a business column, not a load timestamp"
raw_vault,hub_supplier,GP_VENDOR,rec_src,STRING,generated at load time,,,internal,,no bronze origin: written by the loader
raw_vault,hub_supplier,GP_VENDOR,batch_id,STRING,generated at load time,,,internal,,no bronze origin: written by the loader
raw_vault,hub_supplier,GP_VENDOR,manifest_id,STRING,generated at load time,,,internal,,no bronze origin: written by the loader
raw_vault,hub_wd_reference,WORKDAY,wd_reference_hk,BINARY(32),"SHA-256 over (reference_id_type, reference_id) as BINARY(32); rulebook 1.0.0",02_usnc_silver_edm_dev.workday_landing.wd_reference_snapshot,"reference_id_type, reference_id",internal,,"derived key, not a source column"
raw_vault,hub_wd_reference,WORKDAY,reference_id_type,source-derived,"direct, same name",02_usnc_silver_edm_dev.workday_landing.wd_reference_snapshot,reference_id_type,internal,,the generator renames nothing
raw_vault,hub_wd_reference,WORKDAY,reference_id,source-derived,"direct, same name",02_usnc_silver_edm_dev.workday_landing.wd_reference_snapshot,reference_id,internal,,the generator renames nothing
raw_vault,hub_wd_reference,WORKDAY,wd_reference_bk,source-derived,"CONCAT_WS('||', reference_id_type, reference_id) as STRING",02_usnc_silver_edm_dev.workday_landing.wd_reference_snapshot,"reference_id_type, reference_id",internal,,"the readable business key: built at load time from the business-key parts above, never joined on and never read from the source"
raw_vault,hub_wd_reference,WORKDAY,load_dts,TIMESTAMP,generated at load time,,,internal,,no bronze origin: written by the loader
raw_vault,hub_wd_reference,WORKDAY,applied_dts,TIMESTAMP,direct from the source's own clock/marker column,02_usnc_silver_edm_dev.workday_landing.wd_reference_snapshot,snapshot_dts,internal,,"a business column, not a load timestamp"
raw_vault,hub_wd_reference,WORKDAY,rec_src,STRING,generated at load time,,,internal,,no bronze origin: written by the loader
raw_vault,hub_wd_reference,WORKDAY,batch_id,STRING,generated at load time,,,internal,,no bronze origin: written by the loader
raw_vault,hub_wd_reference,WORKDAY,manifest_id,STRING,generated at load time,,,internal,,no bronze origin: written by the loader
raw_vault,hub_worker,STRIIVE_EU,worker_hk,BINARY(32),"SHA-256 over ('STRIIVE_EU', worker_ref) as BINARY(32); rulebook 1.0.0",hfig_eu.bronze.striive_worker,worker_ref,internal,,"derived key, not a source column; source-scoped, so STRIIVE_EU's keys never collide with another system's identical value"
raw_vault,hub_worker,STRIIVE_EU,worker_reference,source-derived,"direct, RENAMED from worker_ref",hfig_eu.bronze.striive_worker,worker_ref,internal,,"the generator renames nothing on a payload column, but a hub business key is positional: STRIIVE_EU declares 'worker_ref' for this key position, and another binding of the same hub may declare a different column for it"
raw_vault,hub_worker,STRIIVE_EU,worker_bk,source-derived,"CONCAT_WS('||', worker_ref) as STRING",hfig_eu.bronze.striive_worker,worker_ref,internal,,"the readable business key: built at load time from the business-key parts above, never joined on and never read from the source"
raw_vault,hub_worker,STRIIVE_EU,load_dts,TIMESTAMP,generated at load time,,,internal,,no bronze origin: written by the loader
raw_vault,hub_worker,STRIIVE_EU,applied_dts,TIMESTAMP,direct from the source's own clock/marker column,hfig_eu.bronze.striive_worker,last_modified_at,internal,,"a business column, not a load timestamp"
raw_vault,hub_worker,STRIIVE_EU,rec_src,STRING,generated at load time,,,internal,,no bronze origin: written by the loader
raw_vault,hub_worker,STRIIVE_EU,batch_id,STRING,generated at load time,,,internal,,no bronze origin: written by the loader
raw_vault,hub_worker,STRIIVE_EU,manifest_id,STRING,generated at load time,,,internal,,no bronze origin: written by the loader
raw_vault,hub_worker,HR_EU,worker_hk,BINARY(32),"SHA-256 over ('HR_EU', employee_number) as BINARY(32); rulebook 1.0.0",hfig_eu.bronze.hr_employee,employee_number,internal,,"derived key, not a source column; source-scoped, so HR_EU's keys never collide with another system's identical value"
raw_vault,hub_worker,HR_EU,worker_reference,source-derived,"direct, RENAMED from employee_number",hfig_eu.bronze.hr_employee,employee_number,internal,,"the generator renames nothing on a payload column, but a hub business key is positional: HR_EU declares 'employee_number' for this key position, and another binding of the same hub may declare a different column for it"
raw_vault,hub_worker,HR_EU,worker_bk,source-derived,"CONCAT_WS('||', employee_number) as STRING",hfig_eu.bronze.hr_employee,employee_number,internal,,"the readable business key: built at load time from the business-key parts above, never joined on and never read from the source"
raw_vault,hub_worker,HR_EU,load_dts,TIMESTAMP,generated at load time,,,internal,,no bronze origin: written by the loader
raw_vault,hub_worker,HR_EU,applied_dts,TIMESTAMP,direct from the source's own clock/marker column,hfig_eu.bronze.hr_employee,record_changed_at,internal,,"a business column, not a load timestamp"
raw_vault,hub_worker,HR_EU,rec_src,STRING,generated at load time,,,internal,,no bronze origin: written by the loader
raw_vault,hub_worker,HR_EU,batch_id,STRING,generated at load time,,,internal,,no bronze origin: written by the loader
raw_vault,hub_worker,HR_EU,manifest_id,STRING,generated at load time,,,internal,,no bronze origin: written by the loader
raw_vault,hub_worker,UKG_US,worker_hk,BINARY(32),"SHA-256 over ('UKG_US', worker_reference_id) as BINARY(32); rulebook 1.0.0",hfig_usnc.bronze.ukg_payroll_register_detail,worker_reference_id,internal,,"derived key, not a source column; source-scoped, so UKG_US's keys never collide with another system's identical value"
raw_vault,hub_worker,UKG_US,worker_reference,source-derived,"direct, RENAMED from worker_reference_id",hfig_usnc.bronze.ukg_payroll_register_detail,worker_reference_id,internal,,"the generator renames nothing on a payload column, but a hub business key is positional: UKG_US declares 'worker_reference_id' for this key position, and another binding of the same hub may declare a different column for it"
raw_vault,hub_worker,UKG_US,worker_bk,source-derived,"CONCAT_WS('||', worker_reference_id) as STRING",hfig_usnc.bronze.ukg_payroll_register_detail,worker_reference_id,internal,,"the readable business key: built at load time from the business-key parts above, never joined on and never read from the source"
raw_vault,hub_worker,UKG_US,load_dts,TIMESTAMP,generated at load time,,,internal,,no bronze origin: written by the loader
raw_vault,hub_worker,UKG_US,applied_dts,TIMESTAMP,direct from the source's own clock/marker column,hfig_usnc.bronze.ukg_payroll_register_detail,pay_check_date,internal,,"a business column, not a load timestamp"
raw_vault,hub_worker,UKG_US,rec_src,STRING,generated at load time,,,internal,,no bronze origin: written by the loader
raw_vault,hub_worker,UKG_US,batch_id,STRING,generated at load time,,,internal,,no bronze origin: written by the loader
raw_vault,hub_worker,UKG_US,manifest_id,STRING,direct from the source's own clock/marker column,hfig_usnc.bronze.ukg_payroll_register_detail,_manifest_id,internal,,"a business column, not a load timestamp"
raw_vault,hub_worker,FIELDGLASS_US,worker_hk,BINARY(32),"SHA-256 over ('FIELDGLASS_US', worker_id) as BINARY(32); rulebook 1.0.0",01_usnc_bronze_dev.sap_fieldglass_raw.invoices,worker_id,internal,,"derived key, not a source column; source-scoped, so FIELDGLASS_US's keys never collide with another system's identical value"
raw_vault,hub_worker,FIELDGLASS_US,worker_reference,source-derived,"direct, RENAMED from worker_id",01_usnc_bronze_dev.sap_fieldglass_raw.invoices,worker_id,internal,,"the generator renames nothing on a payload column, but a hub business key is positional: FIELDGLASS_US declares 'worker_id' for this key position, and another binding of the same hub may declare a different column for it"
raw_vault,hub_worker,FIELDGLASS_US,worker_bk,source-derived,"CONCAT_WS('||', worker_id) as STRING",01_usnc_bronze_dev.sap_fieldglass_raw.invoices,worker_id,internal,,"the readable business key: built at load time from the business-key parts above, never joined on and never read from the source"
raw_vault,hub_worker,FIELDGLASS_US,load_dts,TIMESTAMP,generated at load time,,,internal,,no bronze origin: written by the loader
raw_vault,hub_worker,FIELDGLASS_US,applied_dts,TIMESTAMP,direct from the source's own clock/marker column,01_usnc_bronze_dev.sap_fieldglass_raw.invoices,invoice_submit_date,internal,,"a business column, not a load timestamp"
raw_vault,hub_worker,FIELDGLASS_US,rec_src,STRING,generated at load time,,,internal,,no bronze origin: written by the loader
raw_vault,hub_worker,FIELDGLASS_US,batch_id,STRING,generated at load time,,,internal,,no bronze origin: written by the loader
raw_vault,hub_worker,FIELDGLASS_US,manifest_id,STRING,generated at load time,,,internal,,no bronze origin: written by the loader
raw_vault,lnk_client_contracting_entity,CLIENT_PORTAL,client_contracting_entity_hk,BINARY(32),"SHA-256 over (client_legal_entity_code, contracting_legal_entity_code) as BINARY(32); rulebook 1.0.0",PLACEHOLDER.reference.client_contracting_entity,"client_legal_entity_code, contracting_legal_entity_code",internal,,"derived key, not a source column"
raw_vault,lnk_client_contracting_entity,CLIENT_PORTAL,engaging_legal_entity_hk,BINARY(32),SHA-256 over (client_legal_entity_code) as BINARY(32); rulebook 1.0.0,PLACEHOLDER.reference.client_contracting_entity,client_legal_entity_code,internal,,"foreign key to hub_engaging_legal_entity, hashed exactly as hub_engaging_legal_entity's own loader hashes it"
raw_vault,lnk_client_contracting_entity,CLIENT_PORTAL,contracting_legal_entity_hk,BINARY(32),SHA-256 over (contracting_legal_entity_code) as BINARY(32); rulebook 1.0.0,PLACEHOLDER.reference.client_contracting_entity,contracting_legal_entity_code,internal,,"foreign key to hub_contracting_legal_entity, hashed exactly as hub_contracting_legal_entity's own loader hashes it"
raw_vault,lnk_client_contracting_entity,CLIENT_PORTAL,load_dts,TIMESTAMP,generated at load time,,,internal,,no bronze origin: written by the loader
raw_vault,lnk_client_contracting_entity,CLIENT_PORTAL,applied_dts,TIMESTAMP,generated at load time,,,internal,,no bronze origin: written by the loader
raw_vault,lnk_client_contracting_entity,CLIENT_PORTAL,rec_src,STRING,generated at load time,,,internal,,no bronze origin: written by the loader
raw_vault,lnk_client_contracting_entity,CLIENT_PORTAL,batch_id,STRING,generated at load time,,,internal,,no bronze origin: written by the loader
raw_vault,lnk_client_contracting_entity,CLIENT_PORTAL,manifest_id,STRING,generated at load time,,,internal,,no bronze origin: written by the loader
raw_vault,lnk_client_job_request,STRIIVE_EU,client_job_request_hk,BINARY(32),"SHA-256 over ('STRIIVE_EU', 'Portal_Client_Code', client_code, 'NOT_APPLICABLE', reference_code) as BINARY(32); rulebook 1.0.0",hfig_eu.bronze.striive_job_request,"client_code, reference_code",internal,,"derived key, not a source column; source-scoped, so STRIIVE_EU's keys never collide with another system's identical value"
raw_vault,lnk_client_job_request,STRIIVE_EU,client_hk,BINARY(32),"SHA-256 over ('Portal_Client_Code', client_code) as BINARY(32); rulebook 1.0.0",hfig_eu.bronze.striive_job_request,client_code,internal,,"foreign key to hub_client, hashed exactly as hub_client's own loader hashes it"
raw_vault,lnk_client_job_request,STRIIVE_EU,job_request_hk,BINARY(32),"SHA-256 over ('STRIIVE_EU', 'NOT_APPLICABLE', reference_code) as BINARY(32); rulebook 1.0.0",hfig_eu.bronze.striive_job_request,reference_code,internal,,"foreign key to hub_job_request, hashed exactly as hub_job_request's own loader hashes it; source-scoped, so STRIIVE_EU's keys never collide with another system's identical value"
raw_vault,lnk_client_job_request,STRIIVE_EU,load_dts,TIMESTAMP,generated at load time,,,internal,,no bronze origin: written by the loader
raw_vault,lnk_client_job_request,STRIIVE_EU,applied_dts,TIMESTAMP,generated at load time,,,internal,,no bronze origin: written by the loader
raw_vault,lnk_client_job_request,STRIIVE_EU,rec_src,STRING,generated at load time,,,internal,,no bronze origin: written by the loader
raw_vault,lnk_client_job_request,STRIIVE_EU,batch_id,STRING,generated at load time,,,internal,,no bronze origin: written by the loader
raw_vault,lnk_client_job_request,STRIIVE_EU,manifest_id,STRING,generated at load time,,,internal,,no bronze origin: written by the loader
raw_vault,lnk_legal_entity_consolidation,WORKDAY,legal_entity_consolidation_hk,BINARY(32),"SHA-256 over ('WORKDAY', member_reference_id, group_reference_id) as BINARY(32); rulebook 1.0.0",PLACEHOLDER.reference.wd_organization_membership,"member_reference_id, group_reference_id",internal,,"derived key, not a source column; source-scoped, so WORKDAY's keys never collide with another system's identical value"
raw_vault,lnk_legal_entity_consolidation,WORKDAY,legal_entity_hk,BINARY(32),SHA-256 over (member_reference_id) as BINARY(32); rulebook 1.0.0,PLACEHOLDER.reference.wd_organization_membership,member_reference_id,internal,,"foreign key to hub_legal_entity, hashed exactly as hub_legal_entity's own loader hashes it"
raw_vault,lnk_legal_entity_consolidation,WORKDAY,consolidation_group_hk,BINARY(32),"SHA-256 over ('WORKDAY', group_reference_id) as BINARY(32); rulebook 1.0.0",PLACEHOLDER.reference.wd_organization_membership,group_reference_id,internal,,"foreign key to hub_consolidation_group, hashed exactly as hub_consolidation_group's own loader hashes it; source-scoped, so WORKDAY's keys never collide with another system's identical value"
raw_vault,lnk_legal_entity_consolidation,WORKDAY,load_dts,TIMESTAMP,generated at load time,,,internal,,no bronze origin: written by the loader
raw_vault,lnk_legal_entity_consolidation,WORKDAY,applied_dts,TIMESTAMP,generated at load time,,,internal,,no bronze origin: written by the loader
raw_vault,lnk_legal_entity_consolidation,WORKDAY,rec_src,STRING,generated at load time,,,internal,,no bronze origin: written by the loader
raw_vault,lnk_legal_entity_consolidation,WORKDAY,batch_id,STRING,generated at load time,,,internal,,no bronze origin: written by the loader
raw_vault,lnk_legal_entity_consolidation,WORKDAY,manifest_id,STRING,generated at load time,,,internal,,no bronze origin: written by the loader
raw_vault,msat_client_address_gp_customer,GP_CUSTOMER,client_hk,BINARY(32),"SHA-256 over ('GP_CUSTOMER', custnmbr) as BINARY(32); rulebook 1.0.0",01_usnc_bronze_dev.great_plains_raw.rm00102,custnmbr,internal,,"foreign key to hub_client, hashed exactly as hub_client's own loader hashes it"
raw_vault,msat_client_address_gp_customer,GP_CUSTOMER,hashdiff,BINARY(32),SHA-256 over the payload (7 column(s)) as BINARY(32); rulebook 1.0.0,01_usnc_bronze_dev.great_plains_raw.rm00102,"adrscode, address1, address2, city, country, phone1, cntcprsn",internal,,change detection: a new version is written only when this differs
raw_vault,msat_client_address_gp_customer,GP_CUSTOMER,mas_key,source-derived,"direct, same name",01_usnc_bronze_dev.great_plains_raw.rm00102,mas_key,internal,,the generator renames nothing
raw_vault,msat_client_address_gp_customer,GP_CUSTOMER,adrscode,source-derived,"direct, same name",01_usnc_bronze_dev.great_plains_raw.rm00102,adrscode,internal,,the generator renames nothing
raw_vault,msat_client_address_gp_customer,GP_CUSTOMER,address1,source-derived,"direct, same name",01_usnc_bronze_dev.great_plains_raw.rm00102,address1,internal,,the generator renames nothing
raw_vault,msat_client_address_gp_customer,GP_CUSTOMER,address2,source-derived,"direct, same name",01_usnc_bronze_dev.great_plains_raw.rm00102,address2,internal,,the generator renames nothing
raw_vault,msat_client_address_gp_customer,GP_CUSTOMER,city,source-derived,"direct, same name",01_usnc_bronze_dev.great_plains_raw.rm00102,city,internal,,the generator renames nothing
raw_vault,msat_client_address_gp_customer,GP_CUSTOMER,country,source-derived,"direct, same name",01_usnc_bronze_dev.great_plains_raw.rm00102,country,internal,,the generator renames nothing
raw_vault,msat_client_address_gp_customer,GP_CUSTOMER,phone1,source-derived,"direct, same name",01_usnc_bronze_dev.great_plains_raw.rm00102,phone1,internal,,the generator renames nothing
raw_vault,msat_client_address_gp_customer,GP_CUSTOMER,cntcprsn,source-derived,"direct, same name",01_usnc_bronze_dev.great_plains_raw.rm00102,cntcprsn,internal,,the generator renames nothing
raw_vault,msat_client_address_gp_customer,GP_CUSTOMER,load_dts,TIMESTAMP,generated at load time,,,internal,,no bronze origin: written by the loader
raw_vault,msat_client_address_gp_customer,GP_CUSTOMER,applied_dts,TIMESTAMP,direct from the source's own clock/marker column,01_usnc_bronze_dev.great_plains_raw.rm00102,dex_row_ts,internal,,"a business column, not a load timestamp"
raw_vault,msat_client_address_gp_customer,GP_CUSTOMER,sub_seq,INT,generated at load time,,,internal,,no bronze origin: written by the loader
raw_vault,msat_client_address_gp_customer,GP_CUSTOMER,rec_src,STRING,generated at load time,,,internal,,no bronze origin: written by the loader
raw_vault,msat_client_address_gp_customer,GP_CUSTOMER,batch_id,STRING,generated at load time,,,internal,,no bronze origin: written by the loader
raw_vault,msat_client_address_gp_customer,GP_CUSTOMER,manifest_id,STRING,generated at load time,,,internal,,no bronze origin: written by the loader
raw_vault,msat_client_address_gp_customer,GP_CUSTOMER,cdc_op,STRING,generated at load time,,,internal,,no bronze origin: written by the loader
raw_vault,msat_job_request_custom_field_fieldglass_us,FIELDGLASS_US,job_request_hk,BINARY(32),"SHA-256 over ('FIELDGLASS_US', buyer, job_posting_id) as BINARY(32); rulebook 1.0.0",hfig_usnc.bronze.fieldglass_job_posting_custom_field,"buyer, job_posting_id",internal,,"foreign key to hub_job_request, hashed exactly as hub_job_request's own loader hashes it; source-scoped, so FIELDGLASS_US's keys never collide with another system's identical value"
raw_vault,msat_job_request_custom_field_fieldglass_us,FIELDGLASS_US,hashdiff,BINARY(32),SHA-256 over the payload (5 column(s)) as BINARY(32); rulebook 1.0.0,hfig_usnc.bronze.fieldglass_job_posting_custom_field,"custom_field_name, custom_field_value, custom_field_label, declared_data_type, client_code",internal,,change detection: a new version is written only when this differs
raw_vault,msat_job_request_custom_field_fieldglass_us,FIELDGLASS_US,mas_key,source-derived,"direct, same name",hfig_usnc.bronze.fieldglass_job_posting_custom_field,mas_key,internal,,the generator renames nothing
raw_vault,msat_job_request_custom_field_fieldglass_us,FIELDGLASS_US,custom_field_name,source-derived,"direct, same name",hfig_usnc.bronze.fieldglass_job_posting_custom_field,custom_field_name,internal,,the generator renames nothing
raw_vault,msat_job_request_custom_field_fieldglass_us,FIELDGLASS_US,custom_field_value,source-derived,"direct, same name",hfig_usnc.bronze.fieldglass_job_posting_custom_field,custom_field_value,internal,,the generator renames nothing
raw_vault,msat_job_request_custom_field_fieldglass_us,FIELDGLASS_US,custom_field_label,source-derived,"direct, same name",hfig_usnc.bronze.fieldglass_job_posting_custom_field,custom_field_label,internal,,the generator renames nothing
raw_vault,msat_job_request_custom_field_fieldglass_us,FIELDGLASS_US,declared_data_type,source-derived,"direct, same name",hfig_usnc.bronze.fieldglass_job_posting_custom_field,declared_data_type,internal,,the generator renames nothing
raw_vault,msat_job_request_custom_field_fieldglass_us,FIELDGLASS_US,client_code,source-derived,"direct, same name",hfig_usnc.bronze.fieldglass_job_posting_custom_field,client_code,internal,,the generator renames nothing
raw_vault,msat_job_request_custom_field_fieldglass_us,FIELDGLASS_US,load_dts,TIMESTAMP,generated at load time,,,internal,,no bronze origin: written by the loader
raw_vault,msat_job_request_custom_field_fieldglass_us,FIELDGLASS_US,applied_dts,TIMESTAMP,direct from the source's own clock/marker column,hfig_usnc.bronze.fieldglass_job_posting_custom_field,last_updated_utc,internal,,"a business column, not a load timestamp"
raw_vault,msat_job_request_custom_field_fieldglass_us,FIELDGLASS_US,sub_seq,INT,generated at load time,,,internal,,no bronze origin: written by the loader
raw_vault,msat_job_request_custom_field_fieldglass_us,FIELDGLASS_US,rec_src,STRING,generated at load time,,,internal,,no bronze origin: written by the loader
raw_vault,msat_job_request_custom_field_fieldglass_us,FIELDGLASS_US,batch_id,STRING,generated at load time,,,internal,,no bronze origin: written by the loader
raw_vault,msat_job_request_custom_field_fieldglass_us,FIELDGLASS_US,manifest_id,STRING,direct from the source's own clock/marker column,hfig_usnc.bronze.fieldglass_job_posting_custom_field,_manifest_id,internal,,"a business column, not a load timestamp"
raw_vault,msat_job_request_custom_field_fieldglass_us,FIELDGLASS_US,cdc_op,STRING,direct from the source's own clock/marker column,hfig_usnc.bronze.fieldglass_job_posting_custom_field,_cdc_op,internal,,"a business column, not a load timestamp"
raw_vault,msat_journal_line_external_code_ukg_us,UKG_US,journal_line_hk,BINARY(32),"SHA-256 over ('UKG_US', 'UKG_Batch_ID', company, 'NOT_APPLICABLE', batchid, 'Organization_Reference_ID', company, company, account, payperiodstartdate, payperiodenddate, userdefined1) as BINARY(32); rulebook 1.0.0",hfig_usnc.bronze.ukg_journal_line_external_code,"company, batchid, company, company, account, payperiodstartdate, payperiodenddate, userdefined1",internal,,"foreign key to nhl_journal_line, hashed exactly as nhl_journal_line's own loader hashes it; source-scoped, so UKG_US's keys never collide with another system's identical value"
raw_vault,msat_journal_line_external_code_ukg_us,UKG_US,hashdiff,BINARY(32),SHA-256 over the payload (2 column(s)) as BINARY(32); rulebook 1.0.0,hfig_usnc.bronze.ukg_journal_line_external_code,"code_name, code_value",internal,,change detection: a new version is written only when this differs
raw_vault,msat_journal_line_external_code_ukg_us,UKG_US,mas_key,source-derived,"direct, same name",hfig_usnc.bronze.ukg_journal_line_external_code,mas_key,internal,,the generator renames nothing
raw_vault,msat_journal_line_external_code_ukg_us,UKG_US,code_name,source-derived,"direct, same name",hfig_usnc.bronze.ukg_journal_line_external_code,code_name,internal,,the generator renames nothing
raw_vault,msat_journal_line_external_code_ukg_us,UKG_US,code_value,source-derived,"direct, same name",hfig_usnc.bronze.ukg_journal_line_external_code,code_value,internal,,the generator renames nothing
raw_vault,msat_journal_line_external_code_ukg_us,UKG_US,load_dts,TIMESTAMP,generated at load time,,,internal,,no bronze origin: written by the loader
raw_vault,msat_journal_line_external_code_ukg_us,UKG_US,applied_dts,TIMESTAMP,direct from the source's own clock/marker column,hfig_usnc.bronze.ukg_journal_line_external_code,accounting_date,internal,,"a business column, not a load timestamp"
raw_vault,msat_journal_line_external_code_ukg_us,UKG_US,sub_seq,INT,generated at load time,,,internal,,no bronze origin: written by the loader
raw_vault,msat_journal_line_external_code_ukg_us,UKG_US,rec_src,STRING,generated at load time,,,internal,,no bronze origin: written by the loader
raw_vault,msat_journal_line_external_code_ukg_us,UKG_US,batch_id,STRING,generated at load time,,,internal,,no bronze origin: written by the loader
raw_vault,msat_journal_line_external_code_ukg_us,UKG_US,manifest_id,STRING,generated at load time,,,internal,,no bronze origin: written by the loader
raw_vault,msat_journal_line_external_code_ukg_us,UKG_US,cdc_op,STRING,direct from the source's own clock/marker column,hfig_usnc.bronze.ukg_journal_line_external_code,_cdc_op,internal,,"a business column, not a load timestamp"
raw_vault,msat_journal_line_worktag_ukg_us,UKG_US,journal_line_hk,BINARY(32),"SHA-256 over ('UKG_US', 'UKG_Batch_ID', company, 'NOT_APPLICABLE', batchid, 'Organization_Reference_ID', company, company, account, payperiodstartdate, payperiodenddate, userdefined1) as BINARY(32); rulebook 1.0.0",hfig_usnc.bronze.ukg_journal_line_worktag,"company, batchid, company, company, account, payperiodstartdate, payperiodenddate, userdefined1",internal,,"foreign key to nhl_journal_line, hashed exactly as nhl_journal_line's own loader hashes it; source-scoped, so UKG_US's keys never collide with another system's identical value"
raw_vault,msat_journal_line_worktag_ukg_us,UKG_US,hashdiff,BINARY(32),SHA-256 over the payload (3 column(s)) as BINARY(32); rulebook 1.0.0,hfig_usnc.bronze.ukg_journal_line_worktag,"worktag_type, worktag_value, is_balancing_worktag",internal,,change detection: a new version is written only when this differs
raw_vault,msat_journal_line_worktag_ukg_us,UKG_US,mas_key,source-derived,"direct, same name",hfig_usnc.bronze.ukg_journal_line_worktag,mas_key,internal,,the generator renames nothing
raw_vault,msat_journal_line_worktag_ukg_us,UKG_US,worktag_type,source-derived,"direct, same name",hfig_usnc.bronze.ukg_journal_line_worktag,worktag_type,internal,,the generator renames nothing
raw_vault,msat_journal_line_worktag_ukg_us,UKG_US,worktag_value,source-derived,"direct, same name",hfig_usnc.bronze.ukg_journal_line_worktag,worktag_value,internal,,the generator renames nothing
raw_vault,msat_journal_line_worktag_ukg_us,UKG_US,is_balancing_worktag,source-derived,"direct, same name",hfig_usnc.bronze.ukg_journal_line_worktag,is_balancing_worktag,internal,,the generator renames nothing
raw_vault,msat_journal_line_worktag_ukg_us,UKG_US,load_dts,TIMESTAMP,generated at load time,,,internal,,no bronze origin: written by the loader
raw_vault,msat_journal_line_worktag_ukg_us,UKG_US,applied_dts,TIMESTAMP,direct from the source's own clock/marker column,hfig_usnc.bronze.ukg_journal_line_worktag,accounting_date,internal,,"a business column, not a load timestamp"
raw_vault,msat_journal_line_worktag_ukg_us,UKG_US,sub_seq,INT,generated at load time,,,internal,,no bronze origin: written by the loader
raw_vault,msat_journal_line_worktag_ukg_us,UKG_US,rec_src,STRING,generated at load time,,,internal,,no bronze origin: written by the loader
raw_vault,msat_journal_line_worktag_ukg_us,UKG_US,batch_id,STRING,generated at load time,,,internal,,no bronze origin: written by the loader
raw_vault,msat_journal_line_worktag_ukg_us,UKG_US,manifest_id,STRING,generated at load time,,,internal,,no bronze origin: written by the loader
raw_vault,msat_journal_line_worktag_ukg_us,UKG_US,cdc_op,STRING,direct from the source's own clock/marker column,hfig_usnc.bronze.ukg_journal_line_worktag,_cdc_op,internal,,"a business column, not a load timestamp"
raw_vault,msat_worker_skills_striive_eu,STRIIVE_EU,worker_hk,BINARY(32),"SHA-256 over ('STRIIVE_EU', worker_ref) as BINARY(32); rulebook 1.0.0",hfig_eu.bronze.striive_worker_skill,worker_ref,internal,,"foreign key to hub_worker, hashed exactly as hub_worker's own loader hashes it; source-scoped, so STRIIVE_EU's keys never collide with another system's identical value"
raw_vault,msat_worker_skills_striive_eu,STRIIVE_EU,hashdiff,BINARY(32),SHA-256 over the payload (3 column(s)) as BINARY(32); rulebook 1.0.0,hfig_eu.bronze.striive_worker_skill,"skill_code, proficiency, verified_at",internal,,change detection: a new version is written only when this differs
raw_vault,msat_worker_skills_striive_eu,STRIIVE_EU,mas_key,source-derived,"direct, same name",hfig_eu.bronze.striive_worker_skill,mas_key,internal,,the generator renames nothing
raw_vault,msat_worker_skills_striive_eu,STRIIVE_EU,skill_code,source-derived,"direct, same name",hfig_eu.bronze.striive_worker_skill,skill_code,internal,,the generator renames nothing
raw_vault,msat_worker_skills_striive_eu,STRIIVE_EU,proficiency,source-derived,"direct, same name",hfig_eu.bronze.striive_worker_skill,proficiency,internal,,the generator renames nothing
raw_vault,msat_worker_skills_striive_eu,STRIIVE_EU,verified_at,source-derived,"direct, same name",hfig_eu.bronze.striive_worker_skill,verified_at,internal,,the generator renames nothing
raw_vault,msat_worker_skills_striive_eu,STRIIVE_EU,load_dts,TIMESTAMP,generated at load time,,,internal,,no bronze origin: written by the loader
raw_vault,msat_worker_skills_striive_eu,STRIIVE_EU,applied_dts,TIMESTAMP,direct from the source's own clock/marker column,hfig_eu.bronze.striive_worker_skill,last_modified_at,internal,,"a business column, not a load timestamp"
raw_vault,msat_worker_skills_striive_eu,STRIIVE_EU,sub_seq,INT,generated at load time,,,internal,,no bronze origin: written by the loader
raw_vault,msat_worker_skills_striive_eu,STRIIVE_EU,rec_src,STRING,generated at load time,,,internal,,no bronze origin: written by the loader
raw_vault,msat_worker_skills_striive_eu,STRIIVE_EU,batch_id,STRING,generated at load time,,,internal,,no bronze origin: written by the loader
raw_vault,msat_worker_skills_striive_eu,STRIIVE_EU,manifest_id,STRING,generated at load time,,,internal,,no bronze origin: written by the loader
raw_vault,msat_worker_skills_striive_eu,STRIIVE_EU,cdc_op,STRING,direct from the source's own clock/marker column,hfig_eu.bronze.striive_worker_skill,_cdc_op,internal,,"a business column, not a load timestamp"
raw_vault,msat_worker_skills_hr_eu,HR_EU,worker_hk,BINARY(32),"SHA-256 over ('HR_EU', employee_number) as BINARY(32); rulebook 1.0.0",hfig_eu.bronze.hr_competency,employee_number,internal,,"foreign key to hub_worker, hashed exactly as hub_worker's own loader hashes it; source-scoped, so HR_EU's keys never collide with another system's identical value"
raw_vault,msat_worker_skills_hr_eu,HR_EU,hashdiff,BINARY(32),SHA-256 over the payload (3 column(s)) as BINARY(32); rulebook 1.0.0,hfig_eu.bronze.hr_competency,"competency_code, level, assessed_on",internal,,change detection: a new version is written only when this differs
raw_vault,msat_worker_skills_hr_eu,HR_EU,mas_key,source-derived,"direct, same name",hfig_eu.bronze.hr_competency,mas_key,internal,,the generator renames nothing
raw_vault,msat_worker_skills_hr_eu,HR_EU,competency_code,source-derived,"direct, same name",hfig_eu.bronze.hr_competency,competency_code,internal,,the generator renames nothing
raw_vault,msat_worker_skills_hr_eu,HR_EU,level,source-derived,"direct, same name",hfig_eu.bronze.hr_competency,level,internal,,the generator renames nothing
raw_vault,msat_worker_skills_hr_eu,HR_EU,assessed_on,source-derived,"direct, same name",hfig_eu.bronze.hr_competency,assessed_on,internal,,the generator renames nothing
raw_vault,msat_worker_skills_hr_eu,HR_EU,load_dts,TIMESTAMP,generated at load time,,,internal,,no bronze origin: written by the loader
raw_vault,msat_worker_skills_hr_eu,HR_EU,applied_dts,TIMESTAMP,direct from the source's own clock/marker column,hfig_eu.bronze.hr_competency,record_changed_at,internal,,"a business column, not a load timestamp"
raw_vault,msat_worker_skills_hr_eu,HR_EU,sub_seq,INT,generated at load time,,,internal,,no bronze origin: written by the loader
raw_vault,msat_worker_skills_hr_eu,HR_EU,rec_src,STRING,generated at load time,,,internal,,no bronze origin: written by the loader
raw_vault,msat_worker_skills_hr_eu,HR_EU,batch_id,STRING,generated at load time,,,internal,,no bronze origin: written by the loader
raw_vault,msat_worker_skills_hr_eu,HR_EU,manifest_id,STRING,generated at load time,,,internal,,no bronze origin: written by the loader
raw_vault,msat_worker_skills_hr_eu,HR_EU,cdc_op,STRING,direct from the source's own clock/marker column,hfig_eu.bronze.hr_competency,_cdc_op,internal,,"a business column, not a load timestamp"
raw_vault,nhl_general_journal_line,GP_US,general_journal_line_hk,BINARY(32),"SHA-256 over ('GP_Journal_Entry', input_db, openyear, jrnentry, 'Organization_Reference_ID', input_db, input_db, actindx, seqnumbr) as BINARY(32); rulebook 1.0.0",01_usnc_bronze_dev.great_plains_raw.gl20000,"input_db, openyear, jrnentry, input_db, input_db, actindx, seqnumbr",internal,,"derived key, not a source column"
raw_vault,nhl_general_journal_line,GP_US,accounting_journal_hk,BINARY(32),"SHA-256 over ('GP_Journal_Entry', input_db, openyear, jrnentry) as BINARY(32); rulebook 1.0.0",01_usnc_bronze_dev.great_plains_raw.gl20000,"input_db, openyear, jrnentry",internal,,"foreign key to hub_accounting_journal, hashed exactly as hub_accounting_journal's own loader hashes it"
raw_vault,nhl_general_journal_line,GP_US,operating_company_hk,BINARY(32),"SHA-256 over ('Organization_Reference_ID', input_db) as BINARY(32); rulebook 1.0.0",01_usnc_bronze_dev.great_plains_raw.gl20000,input_db,internal,,"foreign key to hub_operating_company, hashed exactly as hub_operating_company's own loader hashes it"
raw_vault,nhl_general_journal_line,GP_US,ledger_account_hk,BINARY(32),"SHA-256 over (input_db, actindx) as BINARY(32); rulebook 1.0.0",01_usnc_bronze_dev.great_plains_raw.gl20000,"input_db, actindx",internal,,"foreign key to hub_ledger_account, hashed exactly as hub_ledger_account's own loader hashes it"
raw_vault,nhl_general_journal_line,GP_US,seqnumbr,source-derived,"direct, same name",01_usnc_bronze_dev.great_plains_raw.gl20000,seqnumbr,internal,,the generator renames nothing
raw_vault,nhl_general_journal_line,GP_US,debitamt,"DECIMAL(18,2)","CAST to DECIMAL(18,2)",01_usnc_bronze_dev.great_plains_raw.gl20000,debitamt,financial,governance.mask_money,declared cast; source-conformance probes that every value survives it
raw_vault,nhl_general_journal_line,GP_US,crdtamnt,"DECIMAL(18,2)","CAST to DECIMAL(18,2)",01_usnc_bronze_dev.great_plains_raw.gl20000,crdtamnt,financial,governance.mask_money,declared cast; source-conformance probes that every value survives it
raw_vault,nhl_general_journal_line,GP_US,curncyid,source-derived,"direct, same name",01_usnc_bronze_dev.great_plains_raw.gl20000,curncyid,internal,,the generator renames nothing
raw_vault,nhl_general_journal_line,GP_US,xchgrate,source-derived,"direct, same name",01_usnc_bronze_dev.great_plains_raw.gl20000,xchgrate,internal,,the generator renames nothing
raw_vault,nhl_general_journal_line,GP_US,denxrate,source-derived,"direct, same name",01_usnc_bronze_dev.great_plains_raw.gl20000,denxrate,internal,,the generator renames nothing
raw_vault,nhl_general_journal_line,GP_US,ordbtamt,DOUBLE,CAST to DOUBLE,01_usnc_bronze_dev.great_plains_raw.gl20000,ordbtamt,financial,governance.mask_money_double,declared cast; source-conformance probes that every value survives it
raw_vault,nhl_general_journal_line,GP_US,orcrdamt,DOUBLE,CAST to DOUBLE,01_usnc_bronze_dev.great_plains_raw.gl20000,orcrdamt,financial,governance.mask_money_double,declared cast; source-conformance probes that every value survives it
raw_vault,nhl_general_journal_line,GP_US,openyear,source-derived,"direct, same name",01_usnc_bronze_dev.great_plains_raw.gl20000,openyear,internal,,the generator renames nothing
raw_vault,nhl_general_journal_line,GP_US,periodid,source-derived,"direct, same name",01_usnc_bronze_dev.great_plains_raw.gl20000,periodid,internal,,the generator renames nothing
raw_vault,nhl_general_journal_line,GP_US,trxsorce,source-derived,"direct, same name",01_usnc_bronze_dev.great_plains_raw.gl20000,trxsorce,internal,,the generator renames nothing
raw_vault,nhl_general_journal_line,GP_US,correcting_je,source-derived,"direct, same name",01_usnc_bronze_dev.great_plains_raw.gl20000,correcting_je,internal,,the generator renames nothing
raw_vault,nhl_general_journal_line,GP_US,back_out_je,source-derived,"direct, same name",01_usnc_bronze_dev.great_plains_raw.gl20000,back_out_je,internal,,the generator renames nothing
raw_vault,nhl_general_journal_line,GP_US,original_je,source-derived,"direct, same name",01_usnc_bronze_dev.great_plains_raw.gl20000,original_je,internal,,the generator renames nothing
raw_vault,nhl_general_journal_line,GP_US,voided,source-derived,"direct, same name",01_usnc_bronze_dev.great_plains_raw.gl20000,voided,internal,,the generator renames nothing
raw_vault,nhl_general_journal_line,GP_US,load_dts,TIMESTAMP,generated at load time,,,internal,,no bronze origin: written by the loader
raw_vault,nhl_general_journal_line,GP_US,applied_dts,TIMESTAMP,direct from the source's own clock/marker column,01_usnc_bronze_dev.great_plains_raw.gl20000,dex_row_ts,internal,,"a business column, not a load timestamp"
raw_vault,nhl_general_journal_line,GP_US,rec_src,STRING,generated at load time,,,internal,,no bronze origin: written by the loader
raw_vault,nhl_general_journal_line,GP_US,batch_id,STRING,generated at load time,,,internal,,no bronze origin: written by the loader
raw_vault,nhl_general_journal_line,GP_US,manifest_id,STRING,generated at load time,,,internal,,no bronze origin: written by the loader
raw_vault,nhl_general_journal_line_closed_year,GP_US_HIST,general_journal_line_closed_year_hk,BINARY(32),"SHA-256 over ('GP_Journal_Entry', input_db, hstyear, jrnentry, 'Organization_Reference_ID', input_db, input_db, actindx, seqnumbr) as BINARY(32); rulebook 1.0.0",01_usnc_bronze_dev.great_plains_raw.gl30000,"input_db, hstyear, jrnentry, input_db, input_db, actindx, seqnumbr",internal,,"derived key, not a source column"
raw_vault,nhl_general_journal_line_closed_year,GP_US_HIST,accounting_journal_hk,BINARY(32),"SHA-256 over ('GP_Journal_Entry', input_db, hstyear, jrnentry) as BINARY(32); rulebook 1.0.0",01_usnc_bronze_dev.great_plains_raw.gl30000,"input_db, hstyear, jrnentry",internal,,"foreign key to hub_accounting_journal, hashed exactly as hub_accounting_journal's own loader hashes it"
raw_vault,nhl_general_journal_line_closed_year,GP_US_HIST,operating_company_hk,BINARY(32),"SHA-256 over ('Organization_Reference_ID', input_db) as BINARY(32); rulebook 1.0.0",01_usnc_bronze_dev.great_plains_raw.gl30000,input_db,internal,,"foreign key to hub_operating_company, hashed exactly as hub_operating_company's own loader hashes it"
raw_vault,nhl_general_journal_line_closed_year,GP_US_HIST,ledger_account_hk,BINARY(32),"SHA-256 over (input_db, actindx) as BINARY(32); rulebook 1.0.0",01_usnc_bronze_dev.great_plains_raw.gl30000,"input_db, actindx",internal,,"foreign key to hub_ledger_account, hashed exactly as hub_ledger_account's own loader hashes it"
raw_vault,nhl_general_journal_line_closed_year,GP_US_HIST,seqnumbr,source-derived,"direct, same name",01_usnc_bronze_dev.great_plains_raw.gl30000,seqnumbr,internal,,the generator renames nothing
raw_vault,nhl_general_journal_line_closed_year,GP_US_HIST,debitamt,"DECIMAL(18,2)","CAST to DECIMAL(18,2)",01_usnc_bronze_dev.great_plains_raw.gl30000,debitamt,financial,governance.mask_money,declared cast; source-conformance probes that every value survives it
raw_vault,nhl_general_journal_line_closed_year,GP_US_HIST,crdtamnt,"DECIMAL(18,2)","CAST to DECIMAL(18,2)",01_usnc_bronze_dev.great_plains_raw.gl30000,crdtamnt,financial,governance.mask_money,declared cast; source-conformance probes that every value survives it
raw_vault,nhl_general_journal_line_closed_year,GP_US_HIST,curncyid,source-derived,"direct, same name",01_usnc_bronze_dev.great_plains_raw.gl30000,curncyid,internal,,the generator renames nothing
raw_vault,nhl_general_journal_line_closed_year,GP_US_HIST,xchgrate,source-derived,"direct, same name",01_usnc_bronze_dev.great_plains_raw.gl30000,xchgrate,internal,,the generator renames nothing
raw_vault,nhl_general_journal_line_closed_year,GP_US_HIST,denxrate,source-derived,"direct, same name",01_usnc_bronze_dev.great_plains_raw.gl30000,denxrate,internal,,the generator renames nothing
raw_vault,nhl_general_journal_line_closed_year,GP_US_HIST,ordbtamt,DOUBLE,CAST to DOUBLE,01_usnc_bronze_dev.great_plains_raw.gl30000,ordbtamt,financial,governance.mask_money_double,declared cast; source-conformance probes that every value survives it
raw_vault,nhl_general_journal_line_closed_year,GP_US_HIST,orcrdamt,DOUBLE,CAST to DOUBLE,01_usnc_bronze_dev.great_plains_raw.gl30000,orcrdamt,financial,governance.mask_money_double,declared cast; source-conformance probes that every value survives it
raw_vault,nhl_general_journal_line_closed_year,GP_US_HIST,hstyear,source-derived,"direct, same name",01_usnc_bronze_dev.great_plains_raw.gl30000,hstyear,internal,,the generator renames nothing
raw_vault,nhl_general_journal_line_closed_year,GP_US_HIST,periodid,source-derived,"direct, same name",01_usnc_bronze_dev.great_plains_raw.gl30000,periodid,internal,,the generator renames nothing
raw_vault,nhl_general_journal_line_closed_year,GP_US_HIST,trxsorce,source-derived,"direct, same name",01_usnc_bronze_dev.great_plains_raw.gl30000,trxsorce,internal,,the generator renames nothing
raw_vault,nhl_general_journal_line_closed_year,GP_US_HIST,correcting_je,source-derived,"direct, same name",01_usnc_bronze_dev.great_plains_raw.gl30000,correcting_je,internal,,the generator renames nothing
raw_vault,nhl_general_journal_line_closed_year,GP_US_HIST,back_out_je,source-derived,"direct, same name",01_usnc_bronze_dev.great_plains_raw.gl30000,back_out_je,internal,,the generator renames nothing
raw_vault,nhl_general_journal_line_closed_year,GP_US_HIST,original_je,source-derived,"direct, same name",01_usnc_bronze_dev.great_plains_raw.gl30000,original_je,internal,,the generator renames nothing
raw_vault,nhl_general_journal_line_closed_year,GP_US_HIST,voided,source-derived,"direct, same name",01_usnc_bronze_dev.great_plains_raw.gl30000,voided,internal,,the generator renames nothing
raw_vault,nhl_general_journal_line_closed_year,GP_US_HIST,load_dts,TIMESTAMP,generated at load time,,,internal,,no bronze origin: written by the loader
raw_vault,nhl_general_journal_line_closed_year,GP_US_HIST,applied_dts,TIMESTAMP,direct from the source's own clock/marker column,01_usnc_bronze_dev.great_plains_raw.gl30000,dex_row_ts,internal,,"a business column, not a load timestamp"
raw_vault,nhl_general_journal_line_closed_year,GP_US_HIST,rec_src,STRING,generated at load time,,,internal,,no bronze origin: written by the loader
raw_vault,nhl_general_journal_line_closed_year,GP_US_HIST,batch_id,STRING,generated at load time,,,internal,,no bronze origin: written by the loader
raw_vault,nhl_general_journal_line_closed_year,GP_US_HIST,manifest_id,STRING,generated at load time,,,internal,,no bronze origin: written by the loader
raw_vault,nhl_invoice_line,FIELDGLASS_US,invoice_line_hk,BINARY(32),"SHA-256 over ('FIELDGLASS_US', buyer_tenant, invoice_id, buyer_tenant, supplier_code, worker_id, 'Fieldglass_Buyer_Code', buyer_tenant, line_reference) as BINARY(32); rulebook 1.0.0",01_usnc_bronze_dev.sap_fieldglass_raw.invoices,"buyer_tenant, invoice_id, buyer_tenant, supplier_code, worker_id, buyer_tenant, line_reference",internal,,"derived key, not a source column; source-scoped, so FIELDGLASS_US's keys never collide with another system's identical value"
raw_vault,nhl_invoice_line,FIELDGLASS_US,invoice_hk,BINARY(32),"SHA-256 over ('FIELDGLASS_US', buyer_tenant, invoice_id) as BINARY(32); rulebook 1.0.0",01_usnc_bronze_dev.sap_fieldglass_raw.invoices,"buyer_tenant, invoice_id",internal,,"foreign key to hub_invoice, hashed exactly as hub_invoice's own loader hashes it; source-scoped, so FIELDGLASS_US's keys never collide with another system's identical value"
raw_vault,nhl_invoice_line,FIELDGLASS_US,supplier_hk,BINARY(32),"SHA-256 over ('FIELDGLASS_US', buyer_tenant, supplier_code) as BINARY(32); rulebook 1.0.0",01_usnc_bronze_dev.sap_fieldglass_raw.invoices,"buyer_tenant, supplier_code",internal,,"foreign key to hub_supplier, hashed exactly as hub_supplier's own loader hashes it; source-scoped, so FIELDGLASS_US's keys never collide with another system's identical value"
raw_vault,nhl_invoice_line,FIELDGLASS_US,worker_hk,BINARY(32),"SHA-256 over ('FIELDGLASS_US', worker_id) as BINARY(32); rulebook 1.0.0",01_usnc_bronze_dev.sap_fieldglass_raw.invoices,worker_id,internal,,"foreign key to hub_worker, hashed exactly as hub_worker's own loader hashes it; source-scoped, so FIELDGLASS_US's keys never collide with another system's identical value"
raw_vault,nhl_invoice_line,FIELDGLASS_US,client_hk,BINARY(32),"SHA-256 over ('Fieldglass_Buyer_Code', buyer_tenant) as BINARY(32); rulebook 1.0.0",01_usnc_bronze_dev.sap_fieldglass_raw.invoices,buyer_tenant,internal,,"foreign key to hub_client, hashed exactly as hub_client's own loader hashes it"
raw_vault,nhl_invoice_line,FIELDGLASS_US,line_reference,source-derived,"DERIVED at staging: SHA2(CONCAT_WS('||', COALESCE(NULLIF(TRIM(CAST(Invoice_Line_Item_Ref AS STRING)), ''), '^^'), COALESCE(NULLIF(TRIM(CAST(Invoice_Line_Item_Type AS STRING)), ''), '^^'), COALESCE(NULLIF(TRIM(CAST(Task_Code AS STRING)), ''), '^^'), COALESCE(NULLIF(TRIM(CAST(Rate_Category AS STRING)), ''), '^^'), COALESCE(NULLIF(TRIM(CAST(Hours AS STRING)), ''), '^^'), COALESCE(NULLIF(TRIM(CAST(Rate AS STRING)), ''), '^^'), COALESCE(NULLIF(TRIM(CAST(Invoice_Line_Item_Amount_Supplier AS STRING)), ''), '^^'), COALESCE(NULLIF(TRIM(CAST(Weekending_Date AS STRING)), ''), '^^'), COALESCE(NULLIF(TRIM(CAST(Worker_ID AS STRING)), ''), '^^'), COALESCE(NULLIF(TRIM(CAST(Project_Code AS STRING)), ''), '^^')), 256)",01_usnc_bronze_dev.sap_fieldglass_raw.invoices,"Hours, Invoice_Line_Item_Amount_Supplier, Invoice_Line_Item_Ref, Invoice_Line_Item_Type, Project_Code, Rate, Rate_Category, Task_Code, Weekending_Date, Worker_ID",internal,,"computed, not copied: the expression is the 'fieldglass_us_invoice' conform profile's, from metadata/source_unions.yml, applied by factory._stage_full"
raw_vault,nhl_invoice_line,FIELDGLASS_US,invoice_line_item_type,source-derived,"direct, same name",01_usnc_bronze_dev.sap_fieldglass_raw.invoices,invoice_line_item_type,internal,,the generator renames nothing
raw_vault,nhl_invoice_line,FIELDGLASS_US,weekending_date,source-derived,"direct, same name",01_usnc_bronze_dev.sap_fieldglass_raw.invoices,weekending_date,internal,,the generator renames nothing
raw_vault,nhl_invoice_line,FIELDGLASS_US,currency,source-derived,"direct, same name",01_usnc_bronze_dev.sap_fieldglass_raw.invoices,currency,internal,,the generator renames nothing
raw_vault,nhl_invoice_line,FIELDGLASS_US,task_code_ts,source-derived,DERIVED at staging: CF_Time_Sheet_Project_Code,01_usnc_bronze_dev.sap_fieldglass_raw.invoices,CF_Time_Sheet_Project_Code,internal,,"computed, not copied: the expression is the 'fieldglass_us_invoice' conform profile's, from metadata/source_unions.yml, applied by factory._stage_full"
raw_vault,nhl_invoice_line,FIELDGLASS_US,task_code_es,source-derived,DERIVED at staging: CF_Expense_Sheet_Task_Code,01_usnc_bronze_dev.sap_fieldglass_raw.invoices,CF_Expense_Sheet_Task_Code,internal,,"computed, not copied: the expression is the 'fieldglass_us_invoice' conform profile's, from metadata/source_unions.yml, applied by factory._stage_full"
raw_vault,nhl_invoice_line,FIELDGLASS_US,task_code_mi,source-derived,DERIVED at staging: CF_Miscellaneous_Invoice_Task_Code,01_usnc_bronze_dev.sap_fieldglass_raw.invoices,CF_Miscellaneous_Invoice_Task_Code,internal,,"computed, not copied: the expression is the 'fieldglass_us_invoice' conform profile's, from metadata/source_unions.yml, applied by factory._stage_full"
raw_vault,nhl_invoice_line,FIELDGLASS_US,expenditure_type_ts,source-derived,DERIVED at staging: CF_Time_Sheet_Expenditure_Type,01_usnc_bronze_dev.sap_fieldglass_raw.invoices,CF_Time_Sheet_Expenditure_Type,internal,,"computed, not copied: the expression is the 'fieldglass_us_invoice' conform profile's, from metadata/source_unions.yml, applied by factory._stage_full"
raw_vault,nhl_invoice_line,FIELDGLASS_US,expenditure_type_es,source-derived,DERIVED at staging: CF_Expense_Sheet_Expenditure_Type,01_usnc_bronze_dev.sap_fieldglass_raw.invoices,CF_Expense_Sheet_Expenditure_Type,internal,,"computed, not copied: the expression is the 'fieldglass_us_invoice' conform profile's, from metadata/source_unions.yml, applied by factory._stage_full"
raw_vault,nhl_invoice_line,FIELDGLASS_US,expenditure_type_mi,source-derived,DERIVED at staging: CF_Miscellaneous_Invoice_Expenditure_Type,01_usnc_bronze_dev.sap_fieldglass_raw.invoices,CF_Miscellaneous_Invoice_Expenditure_Type,internal,,"computed, not copied: the expression is the 'fieldglass_us_invoice' conform profile's, from metadata/source_unions.yml, applied by factory._stage_full"
raw_vault,nhl_invoice_line,FIELDGLASS_US,expenditure_organization_ts,source-derived,DERIVED at staging: CF_Task_Code_Expenditure_Organization_1,01_usnc_bronze_dev.sap_fieldglass_raw.invoices,CF_Task_Code_Expenditure_Organization_1,internal,,"computed, not copied: the expression is the 'fieldglass_us_invoice' conform profile's, from metadata/source_unions.yml, applied by factory._stage_full"
raw_vault,nhl_invoice_line,FIELDGLASS_US,expenditure_organization_es,source-derived,DERIVED at staging: CF_Expense_Sheet_Expenditure_Organization,01_usnc_bronze_dev.sap_fieldglass_raw.invoices,CF_Expense_Sheet_Expenditure_Organization,internal,,"computed, not copied: the expression is the 'fieldglass_us_invoice' conform profile's, from metadata/source_unions.yml, applied by factory._stage_full"
raw_vault,nhl_invoice_line,FIELDGLASS_US,expenditure_organization_mi,source-derived,DERIVED at staging: CF_Miscellaneous_Invoice_Expenditure_Organization,01_usnc_bronze_dev.sap_fieldglass_raw.invoices,CF_Miscellaneous_Invoice_Expenditure_Organization,internal,,"computed, not copied: the expression is the 'fieldglass_us_invoice' conform profile's, from metadata/source_unions.yml, applied by factory._stage_full"
raw_vault,nhl_invoice_line,FIELDGLASS_US,load_dts,TIMESTAMP,generated at load time,,,internal,,no bronze origin: written by the loader
raw_vault,nhl_invoice_line,FIELDGLASS_US,applied_dts,TIMESTAMP,direct from the source's own clock/marker column,01_usnc_bronze_dev.sap_fieldglass_raw.invoices,invoice_submit_date,internal,,"a business column, not a load timestamp"
raw_vault,nhl_invoice_line,FIELDGLASS_US,rec_src,STRING,generated at load time,,,internal,,no bronze origin: written by the loader
raw_vault,nhl_invoice_line,FIELDGLASS_US,batch_id,STRING,generated at load time,,,internal,,no bronze origin: written by the loader
raw_vault,nhl_invoice_line,FIELDGLASS_US,manifest_id,STRING,generated at load time,,,internal,,no bronze origin: written by the loader
raw_vault,nhl_journal_line,UKG_US,journal_line_hk,BINARY(32),"SHA-256 over ('UKG_US', 'UKG_Batch_ID', company, 'NOT_APPLICABLE', batchid, 'Organization_Reference_ID', company, company, account, payperiodstartdate, payperiodenddate, userdefined1) as BINARY(32); rulebook 1.0.0",01_usnc_bronze_dev.ukg_raw.gl,"company, batchid, company, company, account, payperiodstartdate, payperiodenddate, userdefined1",internal,,"derived key, not a source column; source-scoped, so UKG_US's keys never collide with another system's identical value"
raw_vault,nhl_journal_line,UKG_US,accounting_journal_hk,BINARY(32),"SHA-256 over ('UKG_Batch_ID', company, 'NOT_APPLICABLE', batchid) as BINARY(32); rulebook 1.0.0",01_usnc_bronze_dev.ukg_raw.gl,"company, batchid",internal,,"foreign key to hub_accounting_journal, hashed exactly as hub_accounting_journal's own loader hashes it"
raw_vault,nhl_journal_line,UKG_US,operating_company_hk,BINARY(32),"SHA-256 over ('Organization_Reference_ID', company) as BINARY(32); rulebook 1.0.0",01_usnc_bronze_dev.ukg_raw.gl,company,internal,,"foreign key to hub_operating_company, hashed exactly as hub_operating_company's own loader hashes it"
raw_vault,nhl_journal_line,UKG_US,ledger_account_hk,BINARY(32),"SHA-256 over (company, account) as BINARY(32); rulebook 1.0.0",01_usnc_bronze_dev.ukg_raw.gl,"company, account",internal,,"foreign key to hub_ledger_account, hashed exactly as hub_ledger_account's own loader hashes it"
raw_vault,nhl_journal_line,UKG_US,pay_period_hk,BINARY(32),"SHA-256 over (payperiodstartdate, payperiodenddate) as BINARY(32); rulebook 1.0.0",01_usnc_bronze_dev.ukg_raw.gl,"payperiodstartdate, payperiodenddate",internal,,"foreign key to hub_pay_period, hashed exactly as hub_pay_period's own loader hashes it"
raw_vault,nhl_journal_line,UKG_US,userdefined1,source-derived,"direct, same name",01_usnc_bronze_dev.ukg_raw.gl,userdefined1,internal,,the generator renames nothing
raw_vault,nhl_journal_line,UKG_US,debit,"DECIMAL(18,2)","CAST to DECIMAL(18,2)",01_usnc_bronze_dev.ukg_raw.gl,debit,financial,governance.mask_money,declared cast; source-conformance probes that every value survives it
raw_vault,nhl_journal_line,UKG_US,credit,"DECIMAL(18,2)","CAST to DECIMAL(18,2)",01_usnc_bronze_dev.ukg_raw.gl,credit,financial,governance.mask_money,declared cast; source-conformance probes that every value survives it
raw_vault,nhl_journal_line,UKG_US,reference,source-derived,"direct, same name",01_usnc_bronze_dev.ukg_raw.gl,reference,internal,,the generator renames nothing
raw_vault,nhl_journal_line,UKG_US,paycheckdate,source-derived,"direct, same name",01_usnc_bronze_dev.ukg_raw.gl,paycheckdate,internal,,the generator renames nothing
raw_vault,nhl_journal_line,UKG_US,currencyid,source-derived,"direct, same name",01_usnc_bronze_dev.ukg_raw.gl,currencyid,internal,,the generator renames nothing
raw_vault,nhl_journal_line,UKG_US,sourcedocument,source-derived,"direct, same name",01_usnc_bronze_dev.ukg_raw.gl,sourcedocument,internal,,the generator renames nothing
raw_vault,nhl_journal_line,UKG_US,transactiontype,source-derived,"direct, same name",01_usnc_bronze_dev.ukg_raw.gl,transactiontype,internal,,the generator renames nothing
raw_vault,nhl_journal_line,UKG_US,load_dts,TIMESTAMP,generated at load time,,,internal,,no bronze origin: written by the loader
raw_vault,nhl_journal_line,UKG_US,applied_dts,TIMESTAMP,direct from the source's own clock/marker column,01_usnc_bronze_dev.ukg_raw.gl,paycheckdate,internal,,"a business column, not a load timestamp"
raw_vault,nhl_journal_line,UKG_US,rec_src,STRING,generated at load time,,,internal,,no bronze origin: written by the loader
raw_vault,nhl_journal_line,UKG_US,batch_id,STRING,generated at load time,,,internal,,no bronze origin: written by the loader
raw_vault,nhl_journal_line,UKG_US,manifest_id,STRING,generated at load time,,,internal,,no bronze origin: written by the loader
raw_vault,nhl_payroll_detail,UKG_US,payroll_detail_hk,BINARY(32),"SHA-256 over ('UKG_US', worker_reference_id, 'Organization_Reference_ID', company_reference_id, pay_period_start_date, pay_period_end_date, payroll_register_reference, line_sequence) as BINARY(32); rulebook 1.0.0",hfig_usnc.bronze.ukg_payroll_register_detail,"worker_reference_id, company_reference_id, pay_period_start_date, pay_period_end_date, payroll_register_reference, line_sequence",internal,,"derived key, not a source column; source-scoped, so UKG_US's keys never collide with another system's identical value"
raw_vault,nhl_payroll_detail,UKG_US,worker_hk,BINARY(32),"SHA-256 over ('UKG_US', worker_reference_id) as BINARY(32); rulebook 1.0.0",hfig_usnc.bronze.ukg_payroll_register_detail,worker_reference_id,internal,,"foreign key to hub_worker, hashed exactly as hub_worker's own loader hashes it; source-scoped, so UKG_US's keys never collide with another system's identical value"
raw_vault,nhl_payroll_detail,UKG_US,operating_company_hk,BINARY(32),"SHA-256 over ('Organization_Reference_ID', company_reference_id) as BINARY(32); rulebook 1.0.0",hfig_usnc.bronze.ukg_payroll_register_detail,company_reference_id,internal,,"foreign key to hub_operating_company, hashed exactly as hub_operating_company's own loader hashes it"
raw_vault,nhl_payroll_detail,UKG_US,pay_period_hk,BINARY(32),"SHA-256 over (pay_period_start_date, pay_period_end_date) as BINARY(32); rulebook 1.0.0",hfig_usnc.bronze.ukg_payroll_register_detail,"pay_period_start_date, pay_period_end_date",internal,,"foreign key to hub_pay_period, hashed exactly as hub_pay_period's own loader hashes it"
raw_vault,nhl_payroll_detail,UKG_US,payroll_register_reference,source-derived,"direct, same name",hfig_usnc.bronze.ukg_payroll_register_detail,payroll_register_reference,internal,,the generator renames nothing
raw_vault,nhl_payroll_detail,UKG_US,line_sequence,source-derived,"direct, same name",hfig_usnc.bronze.ukg_payroll_register_detail,line_sequence,internal,,the generator renames nothing
raw_vault,nhl_payroll_detail,UKG_US,payroll_code,source-derived,"direct, same name",hfig_usnc.bronze.ukg_payroll_register_detail,payroll_code,internal,,the generator renames nothing
raw_vault,nhl_payroll_detail,UKG_US,payroll_code_category,source-derived,"direct, same name",hfig_usnc.bronze.ukg_payroll_register_detail,payroll_code_category,internal,,the generator renames nothing
raw_vault,nhl_payroll_detail,UKG_US,ee_er_indicator,source-derived,"direct, same name",hfig_usnc.bronze.ukg_payroll_register_detail,ee_er_indicator,internal,,the generator renames nothing
raw_vault,nhl_payroll_detail,UKG_US,amount,source-derived,"direct, same name",hfig_usnc.bronze.ukg_payroll_register_detail,amount,restricted,governance.mask_money,the generator renames nothing
raw_vault,nhl_payroll_detail,UKG_US,gross_amount,source-derived,"direct, same name",hfig_usnc.bronze.ukg_payroll_register_detail,gross_amount,restricted,governance.mask_money,the generator renames nothing
raw_vault,nhl_payroll_detail,UKG_US,taxable_amount,source-derived,"direct, same name",hfig_usnc.bronze.ukg_payroll_register_detail,taxable_amount,restricted,governance.mask_money,the generator renames nothing
raw_vault,nhl_payroll_detail,UKG_US,ytd_amount,source-derived,"direct, same name",hfig_usnc.bronze.ukg_payroll_register_detail,ytd_amount,restricted,governance.mask_money,the generator renames nothing
raw_vault,nhl_payroll_detail,UKG_US,hours,source-derived,"direct, same name",hfig_usnc.bronze.ukg_payroll_register_detail,hours,internal,,the generator renames nothing
raw_vault,nhl_payroll_detail,UKG_US,rate,source-derived,"direct, same name",hfig_usnc.bronze.ukg_payroll_register_detail,rate,restricted,governance.mask_money,the generator renames nothing
raw_vault,nhl_payroll_detail,UKG_US,currency,source-derived,"direct, same name",hfig_usnc.bronze.ukg_payroll_register_detail,currency,internal,,the generator renames nothing
raw_vault,nhl_payroll_detail,UKG_US,gl_account_as_asserted,source-derived,"direct, same name",hfig_usnc.bronze.ukg_payroll_register_detail,gl_account_as_asserted,internal,,the generator renames nothing
raw_vault,nhl_payroll_detail,UKG_US,pay_check_date,source-derived,"direct, same name",hfig_usnc.bronze.ukg_payroll_register_detail,pay_check_date,internal,,the generator renames nothing
raw_vault,nhl_payroll_detail,UKG_US,pay_check_reference,source-derived,"direct, same name",hfig_usnc.bronze.ukg_payroll_register_detail,pay_check_reference,internal,,the generator renames nothing
raw_vault,nhl_payroll_detail,UKG_US,work_state_code,source-derived,"direct, same name",hfig_usnc.bronze.ukg_payroll_register_detail,work_state_code,internal,,the generator renames nothing
raw_vault,nhl_payroll_detail,UKG_US,tax_authority_code,source-derived,"direct, same name",hfig_usnc.bronze.ukg_payroll_register_detail,tax_authority_code,internal,,the generator renames nothing
raw_vault,nhl_payroll_detail,UKG_US,load_dts,TIMESTAMP,generated at load time,,,internal,,no bronze origin: written by the loader
raw_vault,nhl_payroll_detail,UKG_US,applied_dts,TIMESTAMP,direct from the source's own clock/marker column,hfig_usnc.bronze.ukg_payroll_register_detail,pay_check_date,internal,,"a business column, not a load timestamp"
raw_vault,nhl_payroll_detail,UKG_US,rec_src,STRING,generated at load time,,,internal,,no bronze origin: written by the loader
raw_vault,nhl_payroll_detail,UKG_US,batch_id,STRING,generated at load time,,,internal,,no bronze origin: written by the loader
raw_vault,nhl_payroll_detail,UKG_US,manifest_id,STRING,direct from the source's own clock/marker column,hfig_usnc.bronze.ukg_payroll_register_detail,_manifest_id,internal,,"a business column, not a load timestamp"
raw_vault,nhl_timesheet_line,STRIIVE_EU,timesheet_line_hk,BINARY(32),"SHA-256 over ('STRIIVE_EU', worker_ref, 'NOT_APPLICABLE', job_reference, 'Portal_Client_Code', client_code, timesheet_reference, line_no) as BINARY(32); rulebook 1.0.0",hfig_eu.bronze.striive_timesheet_line,"worker_ref, job_reference, client_code, timesheet_reference, line_no",internal,,"derived key, not a source column; source-scoped, so STRIIVE_EU's keys never collide with another system's identical value"
raw_vault,nhl_timesheet_line,STRIIVE_EU,worker_hk,BINARY(32),"SHA-256 over ('STRIIVE_EU', worker_ref) as BINARY(32); rulebook 1.0.0",hfig_eu.bronze.striive_timesheet_line,worker_ref,internal,,"foreign key to hub_worker, hashed exactly as hub_worker's own loader hashes it; source-scoped, so STRIIVE_EU's keys never collide with another system's identical value"
raw_vault,nhl_timesheet_line,STRIIVE_EU,job_request_hk,BINARY(32),"SHA-256 over ('STRIIVE_EU', 'NOT_APPLICABLE', job_reference) as BINARY(32); rulebook 1.0.0",hfig_eu.bronze.striive_timesheet_line,job_reference,internal,,"foreign key to hub_job_request, hashed exactly as hub_job_request's own loader hashes it; source-scoped, so STRIIVE_EU's keys never collide with another system's identical value"
raw_vault,nhl_timesheet_line,STRIIVE_EU,client_hk,BINARY(32),"SHA-256 over ('Portal_Client_Code', client_code) as BINARY(32); rulebook 1.0.0",hfig_eu.bronze.striive_timesheet_line,client_code,internal,,"foreign key to hub_client, hashed exactly as hub_client's own loader hashes it"
raw_vault,nhl_timesheet_line,STRIIVE_EU,timesheet_reference,source-derived,"direct, same name",hfig_eu.bronze.striive_timesheet_line,timesheet_reference,internal,,the generator renames nothing
raw_vault,nhl_timesheet_line,STRIIVE_EU,line_no,source-derived,"direct, same name",hfig_eu.bronze.striive_timesheet_line,line_no,internal,,the generator renames nothing
raw_vault,nhl_timesheet_line,STRIIVE_EU,week_ending,source-derived,"direct, same name",hfig_eu.bronze.striive_timesheet_line,week_ending,internal,,the generator renames nothing
raw_vault,nhl_timesheet_line,STRIIVE_EU,units,source-derived,"direct, same name",hfig_eu.bronze.striive_timesheet_line,units,internal,,the generator renames nothing
raw_vault,nhl_timesheet_line,STRIIVE_EU,unit_type,source-derived,"direct, same name",hfig_eu.bronze.striive_timesheet_line,unit_type,internal,,the generator renames nothing
raw_vault,nhl_timesheet_line,STRIIVE_EU,rate,source-derived,"direct, same name",hfig_eu.bronze.striive_timesheet_line,rate,financial,governance.mask_money,the generator renames nothing
raw_vault,nhl_timesheet_line,STRIIVE_EU,amount,source-derived,"direct, same name",hfig_eu.bronze.striive_timesheet_line,amount,financial,governance.mask_money,the generator renames nothing
raw_vault,nhl_timesheet_line,STRIIVE_EU,currency,source-derived,"direct, same name",hfig_eu.bronze.striive_timesheet_line,currency,internal,,the generator renames nothing
raw_vault,nhl_timesheet_line,STRIIVE_EU,time_type,source-derived,"direct, same name",hfig_eu.bronze.striive_timesheet_line,time_type,internal,,the generator renames nothing
raw_vault,nhl_timesheet_line,STRIIVE_EU,load_dts,TIMESTAMP,generated at load time,,,internal,,no bronze origin: written by the loader
raw_vault,nhl_timesheet_line,STRIIVE_EU,applied_dts,TIMESTAMP,direct from the source's own clock/marker column,hfig_eu.bronze.striive_timesheet_line,submitted_at,internal,,"a business column, not a load timestamp"
raw_vault,nhl_timesheet_line,STRIIVE_EU,rec_src,STRING,generated at load time,,,internal,,no bronze origin: written by the loader
raw_vault,nhl_timesheet_line,STRIIVE_EU,batch_id,STRING,generated at load time,,,internal,,no bronze origin: written by the loader
raw_vault,nhl_timesheet_line,STRIIVE_EU,manifest_id,STRING,direct from the source's own clock/marker column,hfig_eu.bronze.striive_timesheet_line,approval_manifest_id,internal,,"a business column, not a load timestamp"
raw_vault,sat_accounting_journal_header_ukg_us,UKG_US,accounting_journal_hk,BINARY(32),"SHA-256 over ('UKG_Batch_ID', company_reference_id, 'NOT_APPLICABLE', journal_external_reference_id) as BINARY(32); rulebook 1.0.0",hfig_usnc.bronze.ukg_journal_header,"company_reference_id, journal_external_reference_id",internal,,"foreign key to hub_accounting_journal, hashed exactly as hub_accounting_journal's own loader hashes it"
raw_vault,sat_accounting_journal_header_ukg_us,UKG_US,hashdiff,BINARY(32),SHA-256 over the payload (12 column(s)) as BINARY(32); rulebook 1.0.0,hfig_usnc.bronze.ukg_journal_header,"company_reference_id, currency, ledger_type, accounting_date, journal_source, journal_number, journal_entry_memo, book_code, adjustment_journal, create_reversal, reversal_date, control_total_amount",internal,,change detection: a new version is written only when this differs
raw_vault,sat_accounting_journal_header_ukg_us,UKG_US,company_reference_id,source-derived,"direct, same name",hfig_usnc.bronze.ukg_journal_header,company_reference_id,internal,,the generator renames nothing
raw_vault,sat_accounting_journal_header_ukg_us,UKG_US,currency,source-derived,"direct, same name",hfig_usnc.bronze.ukg_journal_header,currency,internal,,the generator renames nothing
raw_vault,sat_accounting_journal_header_ukg_us,UKG_US,ledger_type,source-derived,"direct, same name",hfig_usnc.bronze.ukg_journal_header,ledger_type,internal,,the generator renames nothing
raw_vault,sat_accounting_journal_header_ukg_us,UKG_US,accounting_date,source-derived,"direct, same name",hfig_usnc.bronze.ukg_journal_header,accounting_date,internal,,the generator renames nothing
raw_vault,sat_accounting_journal_header_ukg_us,UKG_US,journal_source,source-derived,"direct, same name",hfig_usnc.bronze.ukg_journal_header,journal_source,internal,,the generator renames nothing
raw_vault,sat_accounting_journal_header_ukg_us,UKG_US,journal_number,source-derived,"direct, same name",hfig_usnc.bronze.ukg_journal_header,journal_number,internal,,the generator renames nothing
raw_vault,sat_accounting_journal_header_ukg_us,UKG_US,journal_entry_memo,source-derived,"direct, same name",hfig_usnc.bronze.ukg_journal_header,journal_entry_memo,internal,,the generator renames nothing
raw_vault,sat_accounting_journal_header_ukg_us,UKG_US,book_code,source-derived,"direct, same name",hfig_usnc.bronze.ukg_journal_header,book_code,internal,,the generator renames nothing
raw_vault,sat_accounting_journal_header_ukg_us,UKG_US,adjustment_journal,source-derived,"direct, same name",hfig_usnc.bronze.ukg_journal_header,adjustment_journal,internal,,the generator renames nothing
raw_vault,sat_accounting_journal_header_ukg_us,UKG_US,create_reversal,source-derived,"direct, same name",hfig_usnc.bronze.ukg_journal_header,create_reversal,internal,,the generator renames nothing
raw_vault,sat_accounting_journal_header_ukg_us,UKG_US,reversal_date,source-derived,"direct, same name",hfig_usnc.bronze.ukg_journal_header,reversal_date,internal,,the generator renames nothing
raw_vault,sat_accounting_journal_header_ukg_us,UKG_US,control_total_amount,source-derived,"direct, same name",hfig_usnc.bronze.ukg_journal_header,control_total_amount,financial,governance.mask_money,the generator renames nothing
raw_vault,sat_accounting_journal_header_ukg_us,UKG_US,load_dts,TIMESTAMP,generated at load time,,,internal,,no bronze origin: written by the loader
raw_vault,sat_accounting_journal_header_ukg_us,UKG_US,applied_dts,TIMESTAMP,direct from the source's own clock/marker column,hfig_usnc.bronze.ukg_journal_header,accounting_date,internal,,"a business column, not a load timestamp"
raw_vault,sat_accounting_journal_header_ukg_us,UKG_US,sub_seq,INT,generated at load time,,,internal,,no bronze origin: written by the loader
raw_vault,sat_accounting_journal_header_ukg_us,UKG_US,rec_src,STRING,generated at load time,,,internal,,no bronze origin: written by the loader
raw_vault,sat_accounting_journal_header_ukg_us,UKG_US,batch_id,STRING,generated at load time,,,internal,,no bronze origin: written by the loader
raw_vault,sat_accounting_journal_header_ukg_us,UKG_US,manifest_id,STRING,direct from the source's own clock/marker column,hfig_usnc.bronze.ukg_journal_header,_manifest_id,internal,,"a business column, not a load timestamp"
raw_vault,sat_accounting_journal_header_ukg_us,UKG_US,cdc_op,STRING,direct from the source's own clock/marker column,hfig_usnc.bronze.ukg_journal_header,_cdc_op,internal,,"a business column, not a load timestamp"
raw_vault,sat_client_details_gp_customer,GP_CUSTOMER,client_hk,BINARY(32),"SHA-256 over ('GP_CUSTOMER', custnmbr) as BINARY(32); rulebook 1.0.0",01_usnc_bronze_dev.great_plains_raw.rm00101,custnmbr,internal,,"foreign key to hub_client, hashed exactly as hub_client's own loader hashes it"
raw_vault,sat_client_details_gp_customer,GP_CUSTOMER,hashdiff,BINARY(32),SHA-256 over the payload (5 column(s)) as BINARY(32); rulebook 1.0.0,01_usnc_bronze_dev.great_plains_raw.rm00101,"custname, custclas, inactive, curncyid, pymtrmid",internal,,change detection: a new version is written only when this differs
raw_vault,sat_client_details_gp_customer,GP_CUSTOMER,custname,source-derived,"direct, same name",01_usnc_bronze_dev.great_plains_raw.rm00101,custname,internal,,the generator renames nothing
raw_vault,sat_client_details_gp_customer,GP_CUSTOMER,custclas,source-derived,"direct, same name",01_usnc_bronze_dev.great_plains_raw.rm00101,custclas,internal,,the generator renames nothing
raw_vault,sat_client_details_gp_customer,GP_CUSTOMER,inactive,source-derived,"direct, same name",01_usnc_bronze_dev.great_plains_raw.rm00101,inactive,internal,,the generator renames nothing
raw_vault,sat_client_details_gp_customer,GP_CUSTOMER,curncyid,source-derived,"direct, same name",01_usnc_bronze_dev.great_plains_raw.rm00101,curncyid,internal,,the generator renames nothing
raw_vault,sat_client_details_gp_customer,GP_CUSTOMER,pymtrmid,source-derived,"direct, same name",01_usnc_bronze_dev.great_plains_raw.rm00101,pymtrmid,internal,,the generator renames nothing
raw_vault,sat_client_details_gp_customer,GP_CUSTOMER,load_dts,TIMESTAMP,generated at load time,,,internal,,no bronze origin: written by the loader
raw_vault,sat_client_details_gp_customer,GP_CUSTOMER,applied_dts,TIMESTAMP,direct from the source's own clock/marker column,01_usnc_bronze_dev.great_plains_raw.rm00101,dex_row_ts,internal,,"a business column, not a load timestamp"
raw_vault,sat_client_details_gp_customer,GP_CUSTOMER,sub_seq,INT,generated at load time,,,internal,,no bronze origin: written by the loader
raw_vault,sat_client_details_gp_customer,GP_CUSTOMER,rec_src,STRING,generated at load time,,,internal,,no bronze origin: written by the loader
raw_vault,sat_client_details_gp_customer,GP_CUSTOMER,batch_id,STRING,generated at load time,,,internal,,no bronze origin: written by the loader
raw_vault,sat_client_details_gp_customer,GP_CUSTOMER,manifest_id,STRING,generated at load time,,,internal,,no bronze origin: written by the loader
raw_vault,sat_client_details_gp_customer,GP_CUSTOMER,cdc_op,STRING,generated at load time,,,internal,,no bronze origin: written by the loader
raw_vault,sat_invoice_header_fieldglass_us,FIELDGLASS_US,invoice_hk,BINARY(32),"SHA-256 over ('FIELDGLASS_US', buyer_tenant, invoice_id) as BINARY(32); rulebook 1.0.0",01_usnc_bronze_dev.sap_fieldglass_raw.invoices,"buyer_tenant, invoice_id",internal,,"foreign key to hub_invoice, hashed exactly as hub_invoice's own loader hashes it; source-scoped, so FIELDGLASS_US's keys never collide with another system's identical value"
raw_vault,sat_invoice_header_fieldglass_us,FIELDGLASS_US,hashdiff,BINARY(32),SHA-256 over the payload (6 column(s)) as BINARY(32); rulebook 1.0.0,01_usnc_bronze_dev.sap_fieldglass_raw.invoices,"invoice_type, gross_invoice_amount, net_invoice_amount, currency, invoice_submit_date, original_invoice_id",internal,,change detection: a new version is written only when this differs
raw_vault,sat_invoice_header_fieldglass_us,FIELDGLASS_US,invoice_type,source-derived,"direct, same name",01_usnc_bronze_dev.sap_fieldglass_raw.invoices,invoice_type,internal,,the generator renames nothing
raw_vault,sat_invoice_header_fieldglass_us,FIELDGLASS_US,gross_invoice_amount,"DECIMAL(18,2)","CAST to DECIMAL(18,2)",01_usnc_bronze_dev.sap_fieldglass_raw.invoices,gross_invoice_amount,financial,governance.mask_money,declared cast; source-conformance probes that every value survives it
raw_vault,sat_invoice_header_fieldglass_us,FIELDGLASS_US,net_invoice_amount,"DECIMAL(18,2)","CAST to DECIMAL(18,2)",01_usnc_bronze_dev.sap_fieldglass_raw.invoices,net_invoice_amount,financial,governance.mask_money,declared cast; source-conformance probes that every value survives it
raw_vault,sat_invoice_header_fieldglass_us,FIELDGLASS_US,currency,source-derived,"direct, same name",01_usnc_bronze_dev.sap_fieldglass_raw.invoices,currency,internal,,the generator renames nothing
raw_vault,sat_invoice_header_fieldglass_us,FIELDGLASS_US,invoice_submit_date,source-derived,"direct, same name",01_usnc_bronze_dev.sap_fieldglass_raw.invoices,invoice_submit_date,internal,,the generator renames nothing
raw_vault,sat_invoice_header_fieldglass_us,FIELDGLASS_US,original_invoice_id,source-derived,"direct, same name",01_usnc_bronze_dev.sap_fieldglass_raw.invoices,original_invoice_id,internal,,the generator renames nothing
raw_vault,sat_invoice_header_fieldglass_us,FIELDGLASS_US,load_dts,TIMESTAMP,generated at load time,,,internal,,no bronze origin: written by the loader
raw_vault,sat_invoice_header_fieldglass_us,FIELDGLASS_US,applied_dts,TIMESTAMP,direct from the source's own clock/marker column,01_usnc_bronze_dev.sap_fieldglass_raw.invoices,invoice_submit_date,internal,,"a business column, not a load timestamp"
raw_vault,sat_invoice_header_fieldglass_us,FIELDGLASS_US,sub_seq,INT,generated at load time,,,internal,,no bronze origin: written by the loader
raw_vault,sat_invoice_header_fieldglass_us,FIELDGLASS_US,rec_src,STRING,generated at load time,,,internal,,no bronze origin: written by the loader
raw_vault,sat_invoice_header_fieldglass_us,FIELDGLASS_US,batch_id,STRING,generated at load time,,,internal,,no bronze origin: written by the loader
raw_vault,sat_invoice_header_fieldglass_us,FIELDGLASS_US,manifest_id,STRING,generated at load time,,,internal,,no bronze origin: written by the loader
raw_vault,sat_invoice_header_fieldglass_us,FIELDGLASS_US,cdc_op,STRING,generated at load time,,,internal,,no bronze origin: written by the loader
raw_vault,sat_invoice_line_details_fieldglass_us,FIELDGLASS_US,invoice_line_hk,BINARY(32),"SHA-256 over ('FIELDGLASS_US', buyer_tenant, invoice_id, buyer_tenant, supplier_code, worker_id, 'Fieldglass_Buyer_Code', buyer_tenant, line_reference) as BINARY(32); rulebook 1.0.0",01_usnc_bronze_dev.sap_fieldglass_raw.invoices,"buyer_tenant, invoice_id, buyer_tenant, supplier_code, worker_id, buyer_tenant, line_reference",internal,,"foreign key to nhl_invoice_line, hashed exactly as nhl_invoice_line's own loader hashes it; source-scoped, so FIELDGLASS_US's keys never collide with another system's identical value"
raw_vault,sat_invoice_line_details_fieldglass_us,FIELDGLASS_US,hashdiff,BINARY(32),SHA-256 over the payload (21 column(s)) as BINARY(32); rulebook 1.0.0,01_usnc_bronze_dev.sap_fieldglass_raw.invoices,"invoice_line_item_amount_client, invoice_line_item_amount_supplier, tax_amount, msp_line_amount, rate, hours, invoice_line_item_ref, task_code, rate_category, worker_first_name, worker_last_name, project_code, task_code_ts, task_code_es, task_code_mi, expenditure_type_ts, expenditure_type_es, expenditure_type_mi, expenditure_organization_ts, expenditure_organization_es, expenditure_organization_mi",internal,,change detection: a new version is written only when this differs
raw_vault,sat_invoice_line_details_fieldglass_us,FIELDGLASS_US,invoice_line_item_amount_client,"DECIMAL(18,2)","DERIVED at staging: Invoice_Amount; then CAST to DECIMAL(18,2)",01_usnc_bronze_dev.sap_fieldglass_raw.invoices,Invoice_Amount,financial,governance.mask_money,"computed, not copied: the expression is the 'fieldglass_us_invoice' conform profile's, from metadata/source_unions.yml, applied by factory._stage_full"
raw_vault,sat_invoice_line_details_fieldglass_us,FIELDGLASS_US,invoice_line_item_amount_supplier,"DECIMAL(18,2)","CAST to DECIMAL(18,2)",01_usnc_bronze_dev.sap_fieldglass_raw.invoices,invoice_line_item_amount_supplier,financial,governance.mask_money,declared cast; source-conformance probes that every value survives it
raw_vault,sat_invoice_line_details_fieldglass_us,FIELDGLASS_US,tax_amount,"DECIMAL(18,2)","CAST to DECIMAL(18,2)",01_usnc_bronze_dev.sap_fieldglass_raw.invoices,tax_amount,financial,governance.mask_money,declared cast; source-conformance probes that every value survives it
raw_vault,sat_invoice_line_details_fieldglass_us,FIELDGLASS_US,msp_line_amount,"DECIMAL(18,2)","CAST to DECIMAL(18,2)",01_usnc_bronze_dev.sap_fieldglass_raw.invoices,msp_line_amount,financial,governance.mask_money,declared cast; source-conformance probes that every value survives it
raw_vault,sat_invoice_line_details_fieldglass_us,FIELDGLASS_US,rate,"DECIMAL(18,2)","DERIVED at staging: NULLIF(TRIM(Rate), ''); then CAST to DECIMAL(18,2)",01_usnc_bronze_dev.sap_fieldglass_raw.invoices,Rate,financial,governance.mask_money,"computed, not copied: the expression is the 'fieldglass_us_invoice' conform profile's, from metadata/source_unions.yml, applied by factory._stage_full"
raw_vault,sat_invoice_line_details_fieldglass_us,FIELDGLASS_US,hours,source-derived,"direct, same name",01_usnc_bronze_dev.sap_fieldglass_raw.invoices,hours,internal,,the generator renames nothing
raw_vault,sat_invoice_line_details_fieldglass_us,FIELDGLASS_US,invoice_line_item_ref,source-derived,"direct, same name",01_usnc_bronze_dev.sap_fieldglass_raw.invoices,invoice_line_item_ref,internal,,the generator renames nothing
raw_vault,sat_invoice_line_details_fieldglass_us,FIELDGLASS_US,task_code,source-derived,"direct, same name",01_usnc_bronze_dev.sap_fieldglass_raw.invoices,task_code,internal,,the generator renames nothing
raw_vault,sat_invoice_line_details_fieldglass_us,FIELDGLASS_US,rate_category,source-derived,"direct, same name",01_usnc_bronze_dev.sap_fieldglass_raw.invoices,rate_category,internal,,the generator renames nothing
raw_vault,sat_invoice_line_details_fieldglass_us,FIELDGLASS_US,worker_first_name,source-derived,"direct, same name",01_usnc_bronze_dev.sap_fieldglass_raw.invoices,worker_first_name,internal,,the generator renames nothing
raw_vault,sat_invoice_line_details_fieldglass_us,FIELDGLASS_US,worker_last_name,source-derived,"direct, same name",01_usnc_bronze_dev.sap_fieldglass_raw.invoices,worker_last_name,internal,,the generator renames nothing
raw_vault,sat_invoice_line_details_fieldglass_us,FIELDGLASS_US,project_code,source-derived,"direct, same name",01_usnc_bronze_dev.sap_fieldglass_raw.invoices,project_code,internal,,the generator renames nothing
raw_vault,sat_invoice_line_details_fieldglass_us,FIELDGLASS_US,task_code_ts,source-derived,DERIVED at staging: CF_Time_Sheet_Project_Code,01_usnc_bronze_dev.sap_fieldglass_raw.invoices,CF_Time_Sheet_Project_Code,internal,,"computed, not copied: the expression is the 'fieldglass_us_invoice' conform profile's, from metadata/source_unions.yml, applied by factory._stage_full"
raw_vault,sat_invoice_line_details_fieldglass_us,FIELDGLASS_US,task_code_es,source-derived,DERIVED at staging: CF_Expense_Sheet_Task_Code,01_usnc_bronze_dev.sap_fieldglass_raw.invoices,CF_Expense_Sheet_Task_Code,internal,,"computed, not copied: the expression is the 'fieldglass_us_invoice' conform profile's, from metadata/source_unions.yml, applied by factory._stage_full"
raw_vault,sat_invoice_line_details_fieldglass_us,FIELDGLASS_US,task_code_mi,source-derived,DERIVED at staging: CF_Miscellaneous_Invoice_Task_Code,01_usnc_bronze_dev.sap_fieldglass_raw.invoices,CF_Miscellaneous_Invoice_Task_Code,internal,,"computed, not copied: the expression is the 'fieldglass_us_invoice' conform profile's, from metadata/source_unions.yml, applied by factory._stage_full"
raw_vault,sat_invoice_line_details_fieldglass_us,FIELDGLASS_US,expenditure_type_ts,source-derived,DERIVED at staging: CF_Time_Sheet_Expenditure_Type,01_usnc_bronze_dev.sap_fieldglass_raw.invoices,CF_Time_Sheet_Expenditure_Type,internal,,"computed, not copied: the expression is the 'fieldglass_us_invoice' conform profile's, from metadata/source_unions.yml, applied by factory._stage_full"
raw_vault,sat_invoice_line_details_fieldglass_us,FIELDGLASS_US,expenditure_type_es,source-derived,DERIVED at staging: CF_Expense_Sheet_Expenditure_Type,01_usnc_bronze_dev.sap_fieldglass_raw.invoices,CF_Expense_Sheet_Expenditure_Type,internal,,"computed, not copied: the expression is the 'fieldglass_us_invoice' conform profile's, from metadata/source_unions.yml, applied by factory._stage_full"
raw_vault,sat_invoice_line_details_fieldglass_us,FIELDGLASS_US,expenditure_type_mi,source-derived,DERIVED at staging: CF_Miscellaneous_Invoice_Expenditure_Type,01_usnc_bronze_dev.sap_fieldglass_raw.invoices,CF_Miscellaneous_Invoice_Expenditure_Type,internal,,"computed, not copied: the expression is the 'fieldglass_us_invoice' conform profile's, from metadata/source_unions.yml, applied by factory._stage_full"
raw_vault,sat_invoice_line_details_fieldglass_us,FIELDGLASS_US,expenditure_organization_ts,source-derived,DERIVED at staging: CF_Task_Code_Expenditure_Organization_1,01_usnc_bronze_dev.sap_fieldglass_raw.invoices,CF_Task_Code_Expenditure_Organization_1,internal,,"computed, not copied: the expression is the 'fieldglass_us_invoice' conform profile's, from metadata/source_unions.yml, applied by factory._stage_full"
raw_vault,sat_invoice_line_details_fieldglass_us,FIELDGLASS_US,expenditure_organization_es,source-derived,DERIVED at staging: CF_Expense_Sheet_Expenditure_Organization,01_usnc_bronze_dev.sap_fieldglass_raw.invoices,CF_Expense_Sheet_Expenditure_Organization,internal,,"computed, not copied: the expression is the 'fieldglass_us_invoice' conform profile's, from metadata/source_unions.yml, applied by factory._stage_full"
raw_vault,sat_invoice_line_details_fieldglass_us,FIELDGLASS_US,expenditure_organization_mi,source-derived,DERIVED at staging: CF_Miscellaneous_Invoice_Expenditure_Organization,01_usnc_bronze_dev.sap_fieldglass_raw.invoices,CF_Miscellaneous_Invoice_Expenditure_Organization,internal,,"computed, not copied: the expression is the 'fieldglass_us_invoice' conform profile's, from metadata/source_unions.yml, applied by factory._stage_full"
raw_vault,sat_invoice_line_details_fieldglass_us,FIELDGLASS_US,load_dts,TIMESTAMP,generated at load time,,,internal,,no bronze origin: written by the loader
raw_vault,sat_invoice_line_details_fieldglass_us,FIELDGLASS_US,applied_dts,TIMESTAMP,direct from the source's own clock/marker column,01_usnc_bronze_dev.sap_fieldglass_raw.invoices,invoice_submit_date,internal,,"a business column, not a load timestamp"
raw_vault,sat_invoice_line_details_fieldglass_us,FIELDGLASS_US,sub_seq,INT,generated at load time,,,internal,,no bronze origin: written by the loader
raw_vault,sat_invoice_line_details_fieldglass_us,FIELDGLASS_US,rec_src,STRING,generated at load time,,,internal,,no bronze origin: written by the loader
raw_vault,sat_invoice_line_details_fieldglass_us,FIELDGLASS_US,batch_id,STRING,generated at load time,,,internal,,no bronze origin: written by the loader
raw_vault,sat_invoice_line_details_fieldglass_us,FIELDGLASS_US,manifest_id,STRING,generated at load time,,,internal,,no bronze origin: written by the loader
raw_vault,sat_invoice_line_details_fieldglass_us,FIELDGLASS_US,cdc_op,STRING,generated at load time,,,internal,,no bronze origin: written by the loader
raw_vault,sat_job_request_commercials_striive_eu,STRIIVE_EU,job_request_hk,BINARY(32),"SHA-256 over ('STRIIVE_EU', 'NOT_APPLICABLE', reference_code) as BINARY(32); rulebook 1.0.0",hfig_eu.bronze.striive_job_request,reference_code,internal,,"foreign key to hub_job_request, hashed exactly as hub_job_request's own loader hashes it; source-scoped, so STRIIVE_EU's keys never collide with another system's identical value"
raw_vault,sat_job_request_commercials_striive_eu,STRIIVE_EU,hashdiff,BINARY(32),SHA-256 over the payload (4 column(s)) as BINARY(32); rulebook 1.0.0,hfig_eu.bronze.striive_job_request,"pay_min, pay_max, currency, charge_basis",internal,,change detection: a new version is written only when this differs
raw_vault,sat_job_request_commercials_striive_eu,STRIIVE_EU,pay_min,source-derived,"direct, same name",hfig_eu.bronze.striive_job_request,pay_min,financial,governance.mask_money,the generator renames nothing
raw_vault,sat_job_request_commercials_striive_eu,STRIIVE_EU,pay_max,source-derived,"direct, same name",hfig_eu.bronze.striive_job_request,pay_max,financial,governance.mask_money,the generator renames nothing
raw_vault,sat_job_request_commercials_striive_eu,STRIIVE_EU,currency,source-derived,"direct, same name",hfig_eu.bronze.striive_job_request,currency,internal,,the generator renames nothing
raw_vault,sat_job_request_commercials_striive_eu,STRIIVE_EU,charge_basis,source-derived,"direct, same name",hfig_eu.bronze.striive_job_request,charge_basis,internal,,the generator renames nothing
raw_vault,sat_job_request_commercials_striive_eu,STRIIVE_EU,load_dts,TIMESTAMP,generated at load time,,,internal,,no bronze origin: written by the loader
raw_vault,sat_job_request_commercials_striive_eu,STRIIVE_EU,applied_dts,TIMESTAMP,direct from the source's own clock/marker column,hfig_eu.bronze.striive_job_request,last_modified_at,internal,,"a business column, not a load timestamp"
raw_vault,sat_job_request_commercials_striive_eu,STRIIVE_EU,sub_seq,INT,generated at load time,,,internal,,no bronze origin: written by the loader
raw_vault,sat_job_request_commercials_striive_eu,STRIIVE_EU,rec_src,STRING,generated at load time,,,internal,,no bronze origin: written by the loader
raw_vault,sat_job_request_commercials_striive_eu,STRIIVE_EU,batch_id,STRING,generated at load time,,,internal,,no bronze origin: written by the loader
raw_vault,sat_job_request_commercials_striive_eu,STRIIVE_EU,manifest_id,STRING,generated at load time,,,internal,,no bronze origin: written by the loader
raw_vault,sat_job_request_commercials_striive_eu,STRIIVE_EU,cdc_op,STRING,direct from the source's own clock/marker column,hfig_eu.bronze.striive_job_request,_cdc_op,internal,,"a business column, not a load timestamp"
raw_vault,sat_job_request_details_striive_eu,STRIIVE_EU,job_request_hk,BINARY(32),"SHA-256 over ('STRIIVE_EU', 'NOT_APPLICABLE', reference_code) as BINARY(32); rulebook 1.0.0",hfig_eu.bronze.striive_job_request,reference_code,internal,,"foreign key to hub_job_request, hashed exactly as hub_job_request's own loader hashes it; source-scoped, so STRIIVE_EU's keys never collide with another system's identical value"
raw_vault,sat_job_request_details_striive_eu,STRIIVE_EU,hashdiff,BINARY(32),SHA-256 over the payload (7 column(s)) as BINARY(32); rulebook 1.0.0,hfig_eu.bronze.striive_job_request,"job_title, city, country, contract_type, positions, status, closing_date",internal,,change detection: a new version is written only when this differs
raw_vault,sat_job_request_details_striive_eu,STRIIVE_EU,job_title,source-derived,"direct, same name",hfig_eu.bronze.striive_job_request,job_title,internal,,the generator renames nothing
raw_vault,sat_job_request_details_striive_eu,STRIIVE_EU,city,source-derived,"direct, same name",hfig_eu.bronze.striive_job_request,city,internal,,the generator renames nothing
raw_vault,sat_job_request_details_striive_eu,STRIIVE_EU,country,source-derived,"direct, same name",hfig_eu.bronze.striive_job_request,country,internal,,the generator renames nothing
raw_vault,sat_job_request_details_striive_eu,STRIIVE_EU,contract_type,source-derived,"direct, same name",hfig_eu.bronze.striive_job_request,contract_type,internal,,the generator renames nothing
raw_vault,sat_job_request_details_striive_eu,STRIIVE_EU,positions,source-derived,"direct, same name",hfig_eu.bronze.striive_job_request,positions,internal,,the generator renames nothing
raw_vault,sat_job_request_details_striive_eu,STRIIVE_EU,status,source-derived,"direct, same name",hfig_eu.bronze.striive_job_request,status,internal,,the generator renames nothing
raw_vault,sat_job_request_details_striive_eu,STRIIVE_EU,closing_date,source-derived,"direct, same name",hfig_eu.bronze.striive_job_request,closing_date,internal,,the generator renames nothing
raw_vault,sat_job_request_details_striive_eu,STRIIVE_EU,load_dts,TIMESTAMP,generated at load time,,,internal,,no bronze origin: written by the loader
raw_vault,sat_job_request_details_striive_eu,STRIIVE_EU,applied_dts,TIMESTAMP,direct from the source's own clock/marker column,hfig_eu.bronze.striive_job_request,last_modified_at,internal,,"a business column, not a load timestamp"
raw_vault,sat_job_request_details_striive_eu,STRIIVE_EU,sub_seq,INT,generated at load time,,,internal,,no bronze origin: written by the loader
raw_vault,sat_job_request_details_striive_eu,STRIIVE_EU,rec_src,STRING,generated at load time,,,internal,,no bronze origin: written by the loader
raw_vault,sat_job_request_details_striive_eu,STRIIVE_EU,batch_id,STRING,generated at load time,,,internal,,no bronze origin: written by the loader
raw_vault,sat_job_request_details_striive_eu,STRIIVE_EU,manifest_id,STRING,direct from the source's own clock/marker column,hfig_eu.bronze.striive_job_request,_manifest_id,internal,,"a business column, not a load timestamp"
raw_vault,sat_job_request_details_striive_eu,STRIIVE_EU,cdc_op,STRING,direct from the source's own clock/marker column,hfig_eu.bronze.striive_job_request,_cdc_op,internal,,"a business column, not a load timestamp"
raw_vault,sat_job_request_details_bullhorn_eu,BULLHORN_EU,job_request_hk,BINARY(32),"SHA-256 over ('BULLHORN_EU', 'NOT_APPLICABLE', joborderid) as BINARY(32); rulebook 1.0.0",01_usnc_bronze_dev.bullhorn_native_raw.joborders,joborderid,internal,,"foreign key to hub_job_request, hashed exactly as hub_job_request's own loader hashes it; source-scoped, so BULLHORN_EU's keys never collide with another system's identical value"
raw_vault,sat_job_request_details_bullhorn_eu,BULLHORN_EU,hashdiff,BINARY(32),SHA-256 over the payload (7 column(s)) as BINARY(32); rulebook 1.0.0,01_usnc_bronze_dev.bullhorn_native_raw.joborders,"title, city, countrycode, employmenttype, numopenings, status, dateclosed",internal,,change detection: a new version is written only when this differs
raw_vault,sat_job_request_details_bullhorn_eu,BULLHORN_EU,title,source-derived,"direct, same name",01_usnc_bronze_dev.bullhorn_native_raw.joborders,title,internal,,the generator renames nothing
raw_vault,sat_job_request_details_bullhorn_eu,BULLHORN_EU,city,source-derived,"direct, same name",01_usnc_bronze_dev.bullhorn_native_raw.joborders,city,internal,,the generator renames nothing
raw_vault,sat_job_request_details_bullhorn_eu,BULLHORN_EU,countrycode,source-derived,"direct, same name",01_usnc_bronze_dev.bullhorn_native_raw.joborders,countrycode,internal,,the generator renames nothing
raw_vault,sat_job_request_details_bullhorn_eu,BULLHORN_EU,employmenttype,source-derived,"direct, same name",01_usnc_bronze_dev.bullhorn_native_raw.joborders,employmenttype,internal,,the generator renames nothing
raw_vault,sat_job_request_details_bullhorn_eu,BULLHORN_EU,numopenings,source-derived,"direct, same name",01_usnc_bronze_dev.bullhorn_native_raw.joborders,numopenings,internal,,the generator renames nothing
raw_vault,sat_job_request_details_bullhorn_eu,BULLHORN_EU,status,source-derived,"direct, same name",01_usnc_bronze_dev.bullhorn_native_raw.joborders,status,internal,,the generator renames nothing
raw_vault,sat_job_request_details_bullhorn_eu,BULLHORN_EU,dateclosed,source-derived,"direct, same name",01_usnc_bronze_dev.bullhorn_native_raw.joborders,dateclosed,internal,,the generator renames nothing
raw_vault,sat_job_request_details_bullhorn_eu,BULLHORN_EU,load_dts,TIMESTAMP,generated at load time,,,internal,,no bronze origin: written by the loader
raw_vault,sat_job_request_details_bullhorn_eu,BULLHORN_EU,applied_dts,TIMESTAMP,direct from the source's own clock/marker column,01_usnc_bronze_dev.bullhorn_native_raw.joborders,datelastmodified,internal,,"a business column, not a load timestamp"
raw_vault,sat_job_request_details_bullhorn_eu,BULLHORN_EU,sub_seq,INT,generated at load time,,,internal,,no bronze origin: written by the loader
raw_vault,sat_job_request_details_bullhorn_eu,BULLHORN_EU,rec_src,STRING,generated at load time,,,internal,,no bronze origin: written by the loader
raw_vault,sat_job_request_details_bullhorn_eu,BULLHORN_EU,batch_id,STRING,generated at load time,,,internal,,no bronze origin: written by the loader
raw_vault,sat_job_request_details_bullhorn_eu,BULLHORN_EU,manifest_id,STRING,generated at load time,,,internal,,no bronze origin: written by the loader
raw_vault,sat_job_request_details_bullhorn_eu,BULLHORN_EU,cdc_op,STRING,generated at load time,,,internal,,no bronze origin: written by the loader
raw_vault,sat_job_request_details_fieldglass_us,FIELDGLASS_US,job_request_hk,BINARY(32),"SHA-256 over ('FIELDGLASS_US', buyer, job_posting_id) as BINARY(32); rulebook 1.0.0",hfig_usnc.bronze.PLACEHOLDER_fieldglass_us_job_posting,"buyer, job_posting_id",internal,,"foreign key to hub_job_request, hashed exactly as hub_job_request's own loader hashes it; source-scoped, so FIELDGLASS_US's keys never collide with another system's identical value"
raw_vault,sat_job_request_details_fieldglass_us,FIELDGLASS_US,hashdiff,BINARY(32),SHA-256 over the payload (7 column(s)) as BINARY(32); rulebook 1.0.0,hfig_usnc.bronze.PLACEHOLDER_fieldglass_us_job_posting,"posting_title, work_location_city, work_location_country, worker_type, quantity, posting_status, application_close_date",internal,,change detection: a new version is written only when this differs
raw_vault,sat_job_request_details_fieldglass_us,FIELDGLASS_US,posting_title,source-derived,"direct, same name",hfig_usnc.bronze.PLACEHOLDER_fieldglass_us_job_posting,posting_title,internal,,the generator renames nothing
raw_vault,sat_job_request_details_fieldglass_us,FIELDGLASS_US,work_location_city,source-derived,"direct, same name",hfig_usnc.bronze.PLACEHOLDER_fieldglass_us_job_posting,work_location_city,internal,,the generator renames nothing
raw_vault,sat_job_request_details_fieldglass_us,FIELDGLASS_US,work_location_country,source-derived,"direct, same name",hfig_usnc.bronze.PLACEHOLDER_fieldglass_us_job_posting,work_location_country,internal,,the generator renames nothing
raw_vault,sat_job_request_details_fieldglass_us,FIELDGLASS_US,worker_type,source-derived,"direct, same name",hfig_usnc.bronze.PLACEHOLDER_fieldglass_us_job_posting,worker_type,internal,,the generator renames nothing
raw_vault,sat_job_request_details_fieldglass_us,FIELDGLASS_US,quantity,source-derived,"direct, same name",hfig_usnc.bronze.PLACEHOLDER_fieldglass_us_job_posting,quantity,internal,,the generator renames nothing
raw_vault,sat_job_request_details_fieldglass_us,FIELDGLASS_US,posting_status,source-derived,"direct, same name",hfig_usnc.bronze.PLACEHOLDER_fieldglass_us_job_posting,posting_status,internal,,the generator renames nothing
raw_vault,sat_job_request_details_fieldglass_us,FIELDGLASS_US,application_close_date,source-derived,"direct, same name",hfig_usnc.bronze.PLACEHOLDER_fieldglass_us_job_posting,application_close_date,internal,,the generator renames nothing
raw_vault,sat_job_request_details_fieldglass_us,FIELDGLASS_US,load_dts,TIMESTAMP,generated at load time,,,internal,,no bronze origin: written by the loader
raw_vault,sat_job_request_details_fieldglass_us,FIELDGLASS_US,applied_dts,TIMESTAMP,direct from the source's own clock/marker column,hfig_usnc.bronze.PLACEHOLDER_fieldglass_us_job_posting,last_updated_utc,internal,,"a business column, not a load timestamp"
raw_vault,sat_job_request_details_fieldglass_us,FIELDGLASS_US,sub_seq,INT,generated at load time,,,internal,,no bronze origin: written by the loader
raw_vault,sat_job_request_details_fieldglass_us,FIELDGLASS_US,rec_src,STRING,generated at load time,,,internal,,no bronze origin: written by the loader
raw_vault,sat_job_request_details_fieldglass_us,FIELDGLASS_US,batch_id,STRING,generated at load time,,,internal,,no bronze origin: written by the loader
raw_vault,sat_job_request_details_fieldglass_us,FIELDGLASS_US,manifest_id,STRING,direct from the source's own clock/marker column,hfig_usnc.bronze.PLACEHOLDER_fieldglass_us_job_posting,_manifest_id,internal,,"a business column, not a load timestamp"
raw_vault,sat_job_request_details_fieldglass_us,FIELDGLASS_US,cdc_op,STRING,direct from the source's own clock/marker column,hfig_usnc.bronze.PLACEHOLDER_fieldglass_us_job_posting,_cdc_op,internal,,"a business column, not a load timestamp"
raw_vault,sat_job_request_details_prounity_eu,PROUNITY_EU,job_request_hk,BINARY(32),"SHA-256 over ('PROUNITY_EU', 'NOT_APPLICABLE', request_ref) as BINARY(32); rulebook 1.0.0",hfig_eu.bronze.prounity_request,request_ref,internal,,"foreign key to hub_job_request, hashed exactly as hub_job_request's own loader hashes it; source-scoped, so PROUNITY_EU's keys never collide with another system's identical value"
raw_vault,sat_job_request_details_prounity_eu,PROUNITY_EU,hashdiff,BINARY(32),SHA-256 over the payload (7 column(s)) as BINARY(32); rulebook 1.0.0,hfig_eu.bronze.prounity_request,"request_title, location_city, location_country, engagement_type, headcount, request_state, valid_until",internal,,change detection: a new version is written only when this differs
raw_vault,sat_job_request_details_prounity_eu,PROUNITY_EU,request_title,source-derived,"direct, same name",hfig_eu.bronze.prounity_request,request_title,internal,,the generator renames nothing
raw_vault,sat_job_request_details_prounity_eu,PROUNITY_EU,location_city,source-derived,"direct, same name",hfig_eu.bronze.prounity_request,location_city,internal,,the generator renames nothing
raw_vault,sat_job_request_details_prounity_eu,PROUNITY_EU,location_country,source-derived,"direct, same name",hfig_eu.bronze.prounity_request,location_country,internal,,the generator renames nothing
raw_vault,sat_job_request_details_prounity_eu,PROUNITY_EU,engagement_type,source-derived,"direct, same name",hfig_eu.bronze.prounity_request,engagement_type,internal,,the generator renames nothing
raw_vault,sat_job_request_details_prounity_eu,PROUNITY_EU,headcount,source-derived,"direct, same name",hfig_eu.bronze.prounity_request,headcount,internal,,the generator renames nothing
raw_vault,sat_job_request_details_prounity_eu,PROUNITY_EU,request_state,source-derived,"direct, same name",hfig_eu.bronze.prounity_request,request_state,internal,,the generator renames nothing
raw_vault,sat_job_request_details_prounity_eu,PROUNITY_EU,valid_until,source-derived,"direct, same name",hfig_eu.bronze.prounity_request,valid_until,internal,,the generator renames nothing
raw_vault,sat_job_request_details_prounity_eu,PROUNITY_EU,load_dts,TIMESTAMP,generated at load time,,,internal,,no bronze origin: written by the loader
raw_vault,sat_job_request_details_prounity_eu,PROUNITY_EU,applied_dts,TIMESTAMP,direct from the source's own clock/marker column,hfig_eu.bronze.prounity_request,modified_ts,internal,,"a business column, not a load timestamp"
raw_vault,sat_job_request_details_prounity_eu,PROUNITY_EU,sub_seq,INT,generated at load time,,,internal,,no bronze origin: written by the loader
raw_vault,sat_job_request_details_prounity_eu,PROUNITY_EU,rec_src,STRING,generated at load time,,,internal,,no bronze origin: written by the loader
raw_vault,sat_job_request_details_prounity_eu,PROUNITY_EU,batch_id,STRING,generated at load time,,,internal,,no bronze origin: written by the loader
raw_vault,sat_job_request_details_prounity_eu,PROUNITY_EU,manifest_id,STRING,direct from the source's own clock/marker column,hfig_eu.bronze.prounity_request,_manifest_id,internal,,"a business column, not a load timestamp"
raw_vault,sat_job_request_details_prounity_eu,PROUNITY_EU,cdc_op,STRING,direct from the source's own clock/marker column,hfig_eu.bronze.prounity_request,_cdc_op,internal,,"a business column, not a load timestamp"
raw_vault,sat_legal_entity_details_client_portal,CLIENT_PORTAL,legal_entity_hk,BINARY(32),SHA-256 over (legal_entity_code) as BINARY(32); rulebook 1.0.0,PLACEHOLDER.reference.legal_entity,legal_entity_code,internal,,"foreign key to hub_legal_entity, hashed exactly as hub_legal_entity's own loader hashes it"
raw_vault,sat_legal_entity_details_client_portal,CLIENT_PORTAL,hashdiff,BINARY(32),SHA-256 over the payload (4 column(s)) as BINARY(32); rulebook 1.0.0,PLACEHOLDER.reference.legal_entity,"registered_name, company_number, jurisdiction, registered_status",internal,,change detection: a new version is written only when this differs
raw_vault,sat_legal_entity_details_client_portal,CLIENT_PORTAL,registered_name,source-derived,"direct, same name",PLACEHOLDER.reference.legal_entity,registered_name,internal,,the generator renames nothing
raw_vault,sat_legal_entity_details_client_portal,CLIENT_PORTAL,company_number,source-derived,"direct, same name",PLACEHOLDER.reference.legal_entity,company_number,internal,,the generator renames nothing
raw_vault,sat_legal_entity_details_client_portal,CLIENT_PORTAL,jurisdiction,source-derived,"direct, same name",PLACEHOLDER.reference.legal_entity,jurisdiction,internal,,the generator renames nothing
raw_vault,sat_legal_entity_details_client_portal,CLIENT_PORTAL,registered_status,source-derived,"direct, same name",PLACEHOLDER.reference.legal_entity,registered_status,internal,,the generator renames nothing
raw_vault,sat_legal_entity_details_client_portal,CLIENT_PORTAL,load_dts,TIMESTAMP,generated at load time,,,internal,,no bronze origin: written by the loader
raw_vault,sat_legal_entity_details_client_portal,CLIENT_PORTAL,applied_dts,TIMESTAMP,direct from the source's own clock/marker column,PLACEHOLDER.reference.legal_entity,effective_from,internal,,"a business column, not a load timestamp"
raw_vault,sat_legal_entity_details_client_portal,CLIENT_PORTAL,sub_seq,INT,generated at load time,,,internal,,no bronze origin: written by the loader
raw_vault,sat_legal_entity_details_client_portal,CLIENT_PORTAL,rec_src,STRING,generated at load time,,,internal,,no bronze origin: written by the loader
raw_vault,sat_legal_entity_details_client_portal,CLIENT_PORTAL,batch_id,STRING,generated at load time,,,internal,,no bronze origin: written by the loader
raw_vault,sat_legal_entity_details_client_portal,CLIENT_PORTAL,manifest_id,STRING,generated at load time,,,internal,,no bronze origin: written by the loader
raw_vault,sat_legal_entity_details_client_portal,CLIENT_PORTAL,cdc_op,STRING,generated at load time,,,internal,,no bronze origin: written by the loader
raw_vault,sat_legal_entity_profile_hubspot,HUBSPOT,legal_entity_hk,BINARY(32),SHA-256 over (hs_object_id) as BINARY(32); rulebook 1.0.0,01_usnc_bronze_dev.hubspot_raw.companies,hs_object_id,internal,,"foreign key to hub_legal_entity, hashed exactly as hub_legal_entity's own loader hashes it"
raw_vault,sat_legal_entity_profile_hubspot,HUBSPOT,hashdiff,BINARY(32),SHA-256 over the payload (12 column(s)) as BINARY(32); rulebook 1.0.0,01_usnc_bronze_dev.hubspot_raw.companies,"name, domain, country, city, state, company_industry, hs_industry_group, regional_group, regional_group_global, lifecyclestage, numberofemployees, annualrevenue",internal,,change detection: a new version is written only when this differs
raw_vault,sat_legal_entity_profile_hubspot,HUBSPOT,name,source-derived,"direct, same name",01_usnc_bronze_dev.hubspot_raw.companies,name,internal,,the generator renames nothing
raw_vault,sat_legal_entity_profile_hubspot,HUBSPOT,domain,source-derived,"direct, same name",01_usnc_bronze_dev.hubspot_raw.companies,domain,internal,,the generator renames nothing
raw_vault,sat_legal_entity_profile_hubspot,HUBSPOT,country,source-derived,"direct, same name",01_usnc_bronze_dev.hubspot_raw.companies,country,internal,,the generator renames nothing
raw_vault,sat_legal_entity_profile_hubspot,HUBSPOT,city,source-derived,"direct, same name",01_usnc_bronze_dev.hubspot_raw.companies,city,internal,,the generator renames nothing
raw_vault,sat_legal_entity_profile_hubspot,HUBSPOT,state,source-derived,"direct, same name",01_usnc_bronze_dev.hubspot_raw.companies,state,internal,,the generator renames nothing
raw_vault,sat_legal_entity_profile_hubspot,HUBSPOT,company_industry,source-derived,"direct, same name",01_usnc_bronze_dev.hubspot_raw.companies,company_industry,internal,,the generator renames nothing
raw_vault,sat_legal_entity_profile_hubspot,HUBSPOT,hs_industry_group,source-derived,"direct, same name",01_usnc_bronze_dev.hubspot_raw.companies,hs_industry_group,internal,,the generator renames nothing
raw_vault,sat_legal_entity_profile_hubspot,HUBSPOT,regional_group,source-derived,"direct, same name",01_usnc_bronze_dev.hubspot_raw.companies,regional_group,internal,,the generator renames nothing
raw_vault,sat_legal_entity_profile_hubspot,HUBSPOT,regional_group_global,source-derived,"direct, same name",01_usnc_bronze_dev.hubspot_raw.companies,regional_group_global,internal,,the generator renames nothing
raw_vault,sat_legal_entity_profile_hubspot,HUBSPOT,lifecyclestage,source-derived,"direct, same name",01_usnc_bronze_dev.hubspot_raw.companies,lifecyclestage,internal,,the generator renames nothing
raw_vault,sat_legal_entity_profile_hubspot,HUBSPOT,numberofemployees,source-derived,"direct, same name",01_usnc_bronze_dev.hubspot_raw.companies,numberofemployees,internal,,the generator renames nothing
raw_vault,sat_legal_entity_profile_hubspot,HUBSPOT,annualrevenue,source-derived,"direct, same name",01_usnc_bronze_dev.hubspot_raw.companies,annualrevenue,internal,,the generator renames nothing
raw_vault,sat_legal_entity_profile_hubspot,HUBSPOT,load_dts,TIMESTAMP,generated at load time,,,internal,,no bronze origin: written by the loader
raw_vault,sat_legal_entity_profile_hubspot,HUBSPOT,applied_dts,TIMESTAMP,direct from the source's own clock/marker column,01_usnc_bronze_dev.hubspot_raw.companies,hs_lastmodifieddate,internal,,"a business column, not a load timestamp"
raw_vault,sat_legal_entity_profile_hubspot,HUBSPOT,sub_seq,INT,generated at load time,,,internal,,no bronze origin: written by the loader
raw_vault,sat_legal_entity_profile_hubspot,HUBSPOT,rec_src,STRING,generated at load time,,,internal,,no bronze origin: written by the loader
raw_vault,sat_legal_entity_profile_hubspot,HUBSPOT,batch_id,STRING,generated at load time,,,internal,,no bronze origin: written by the loader
raw_vault,sat_legal_entity_profile_hubspot,HUBSPOT,manifest_id,STRING,generated at load time,,,internal,,no bronze origin: written by the loader
raw_vault,sat_legal_entity_profile_hubspot,HUBSPOT,cdc_op,STRING,generated at load time,,,internal,,no bronze origin: written by the loader
raw_vault,sat_supplier_details_gp_vendor,GP_VENDOR,supplier_hk,BINARY(32),"SHA-256 over ('GP_VENDOR', input_db, vendorid) as BINARY(32); rulebook 1.0.0",01_usnc_bronze_dev.great_plains_raw.pm00200,"input_db, vendorid",internal,,"foreign key to hub_supplier, hashed exactly as hub_supplier's own loader hashes it; source-scoped, so GP_VENDOR's keys never collide with another system's identical value"
raw_vault,sat_supplier_details_gp_vendor,GP_VENDOR,hashdiff,BINARY(32),SHA-256 over the payload (6 column(s)) as BINARY(32); rulebook 1.0.0,01_usnc_bronze_dev.great_plains_raw.pm00200,"vendname, venddba, vendshnm, vendstts, curncyid, pymtrmid",internal,,change detection: a new version is written only when this differs
raw_vault,sat_supplier_details_gp_vendor,GP_VENDOR,vendname,source-derived,"direct, same name",01_usnc_bronze_dev.great_plains_raw.pm00200,vendname,internal,,the generator renames nothing
raw_vault,sat_supplier_details_gp_vendor,GP_VENDOR,venddba,source-derived,"direct, same name",01_usnc_bronze_dev.great_plains_raw.pm00200,venddba,internal,,the generator renames nothing
raw_vault,sat_supplier_details_gp_vendor,GP_VENDOR,vendshnm,source-derived,"direct, same name",01_usnc_bronze_dev.great_plains_raw.pm00200,vendshnm,internal,,the generator renames nothing
raw_vault,sat_supplier_details_gp_vendor,GP_VENDOR,vendstts,source-derived,"direct, same name",01_usnc_bronze_dev.great_plains_raw.pm00200,vendstts,internal,,the generator renames nothing
raw_vault,sat_supplier_details_gp_vendor,GP_VENDOR,curncyid,source-derived,"direct, same name",01_usnc_bronze_dev.great_plains_raw.pm00200,curncyid,internal,,the generator renames nothing
raw_vault,sat_supplier_details_gp_vendor,GP_VENDOR,pymtrmid,source-derived,"direct, same name",01_usnc_bronze_dev.great_plains_raw.pm00200,pymtrmid,internal,,the generator renames nothing
raw_vault,sat_supplier_details_gp_vendor,GP_VENDOR,load_dts,TIMESTAMP,generated at load time,,,internal,,no bronze origin: written by the loader
raw_vault,sat_supplier_details_gp_vendor,GP_VENDOR,applied_dts,TIMESTAMP,direct from the source's own clock/marker column,01_usnc_bronze_dev.great_plains_raw.pm00200,dex_row_ts,internal,,"a business column, not a load timestamp"
raw_vault,sat_supplier_details_gp_vendor,GP_VENDOR,sub_seq,INT,generated at load time,,,internal,,no bronze origin: written by the loader
raw_vault,sat_supplier_details_gp_vendor,GP_VENDOR,rec_src,STRING,generated at load time,,,internal,,no bronze origin: written by the loader
raw_vault,sat_supplier_details_gp_vendor,GP_VENDOR,batch_id,STRING,generated at load time,,,internal,,no bronze origin: written by the loader
raw_vault,sat_supplier_details_gp_vendor,GP_VENDOR,manifest_id,STRING,generated at load time,,,internal,,no bronze origin: written by the loader
raw_vault,sat_supplier_details_gp_vendor,GP_VENDOR,cdc_op,STRING,generated at load time,,,internal,,no bronze origin: written by the loader
